This is pdfTeX, Version 3.141592653-2.6-1.40.25 (MiKTeX 24.1) (preloaded format=pdflatex 2025.5.8)  5 DEC 2025 22:07
entering extended mode
 restricted \write18 enabled.
 %&-line parsing enabled.
**./main.tex
(main.tex
LaTeX2e <2023-11-01> patch level 1
L3 programming layer <2024-01-04>
(rapport.cls (C:\Program Files\MiKTeX\tex/latex/base\article.cls
Document Class: article 2023/05/17 v1.4n Standard LaTeX document class
(C:\Program Files\MiKTeX\tex/latex/base\size12.clo
File: size12.clo 2023/05/17 v1.4n Standard LaTeX file (size option)
)
\c@part=\count187
\c@section=\count188
\c@subsection=\count189
\c@subsubsection=\count190
\c@paragraph=\count191
\c@subparagraph=\count192
\c@figure=\count193
\c@table=\count194
\abovecaptionskip=\skip48
\belowcaptionskip=\skip49
\bibindent=\dimen140
)
(C:\Program Files\MiKTeX\tex/latex/lipsum\lipsum.sty
(C:\Program Files\MiKTeX\tex/latex/l3packages/l3keys2e\l3keys2e.sty
(C:\Program Files\MiKTeX\tex/latex/l3kernel\expl3.sty
Package: expl3 2024-01-04 L3 programming layer (loader) 

(C:\Program Files\MiKTeX\tex/latex/l3backend\l3backend-pdftex.def
File: l3backend-pdftex.def 2024-01-04 L3 backend support: PDF output (pdfTeX)
\l__color_backend_stack_int=\count195
\l__pdf_internal_box=\box51
))
Package: l3keys2e 2023-10-10 LaTeX2e option processing using LaTeX3 keys
)
Package: lipsum 2021-09-20 v2.7 150 paragraphs of Lorem Ipsum dummy text
\g__lipsum_par_int=\count196
\l__lipsum_a_int=\count197
\l__lipsum_b_int=\count198

(C:\Program Files\MiKTeX\tex/latex/lipsum\lipsum.ltd.tex))
(C:\Program Files\MiKTeX\tex/generic/babel\babel.sty
Package: babel 2024/01/07 v24.1 The Babel package
\babel@savecnt=\count199
\U@D=\dimen141
\l@unhyphenated=\language79

(C:\Program Files\MiKTeX\tex/generic/babel\txtbabel.def)
\bbl@readstream=\read2
\bbl@dirlevel=\count266

*************************************
* Local config file bblopts.cfg used
*
(C:\Program Files\MiKTeX\tex/latex/arabi\bblopts.cfg
File: bblopts.cfg 2005/09/08 v0.1 add Arabic and Farsi to "declared" options of
 babel
)
(C:\Program Files\MiKTeX\tex/latex/babel-spanish\spanish.ldf
Language: spanish.ldf 2021/05/27 v5.0q Spanish support from the babel system
\es@quottoks=\toks17
\es@quotdepth=\count267
Package babel Info: Making " an active character on input line 570.
Package babel Info: Making . an active character on input line 675.
Package babel Info: Making < an active character on input line 722.
Package babel Info: Making > an active character on input line 722.
))
(C:\Program Files\MiKTeX\tex/generic/babel/locale/es\babel-spanish.tex
Package babel Info: Importing font and identification data for spanish
(babel)             from babel-es.ini. Reported on input line 11.
)
(C:\Program Files\MiKTeX\tex/latex/base\inputenc.sty
Package: inputenc 2021/02/14 v1.3d Input encoding file
\inpenc@prehook=\toks18
\inpenc@posthook=\toks19
)
(C:\Program Files\MiKTeX\tex/latex/placeins\placeins.sty
Package: placeins 2005/04/18  v 2.2
)
(C:\Program Files\MiKTeX\tex/latex/base\fontenc.sty
Package: fontenc 2021/04/29 v2.0v Standard LaTeX package
)
(C:\Program Files\MiKTeX\tex/latex/mathtools\mathtools.sty
Package: mathtools 2024/10/04 v1.31 mathematical typesetting tools

(C:\Program Files\MiKTeX\tex/latex/graphics\keyval.sty
Package: keyval 2022/05/29 v1.15 key=value parser (DPC)
\KV@toks@=\toks20
)
(C:\Program Files\MiKTeX\tex/latex/tools\calc.sty
Package: calc 2023/07/08 v4.3 Infix arithmetic (KKT,FJ)
\calc@Acount=\count268
\calc@Bcount=\count269
\calc@Adimen=\dimen142
\calc@Bdimen=\dimen143
\calc@Askip=\skip50
\calc@Bskip=\skip51
LaTeX Info: Redefining \setlength on input line 80.
LaTeX Info: Redefining \addtolength on input line 81.
\calc@Ccount=\count270
\calc@Cskip=\skip52
)
(C:\Program Files\MiKTeX\tex/latex/mathtools\mhsetup.sty
Package: mhsetup 2021/03/18 v1.4 programming setup (MH)
)
(C:\Program Files\MiKTeX\tex/latex/amsmath\amsmath.sty
Package: amsmath 2023/05/13 v2.17o AMS math features
\@mathmargin=\skip53

For additional information on amsmath, use the `?' option.
(C:\Program Files\MiKTeX\tex/latex/amsmath\amstext.sty
Package: amstext 2021/08/26 v2.01 AMS text

(C:\Program Files\MiKTeX\tex/latex/amsmath\amsgen.sty
File: amsgen.sty 1999/11/30 v2.0 generic functions
\@emptytoks=\toks21
\ex@=\dimen144
))
(C:\Program Files\MiKTeX\tex/latex/amsmath\amsbsy.sty
Package: amsbsy 1999/11/29 v1.2d Bold Symbols
\pmbraise@=\dimen145
)
(C:\Program Files\MiKTeX\tex/latex/amsmath\amsopn.sty
Package: amsopn 2022/04/08 v2.04 operator names
)
\inf@bad=\count271
LaTeX Info: Redefining \frac on input line 234.
\uproot@=\count272
\leftroot@=\count273
LaTeX Info: Redefining \overline on input line 399.
LaTeX Info: Redefining \colon on input line 410.
\classnum@=\count274
\DOTSCASE@=\count275
LaTeX Info: Redefining \ldots on input line 496.
LaTeX Info: Redefining \dots on input line 499.
LaTeX Info: Redefining \cdots on input line 620.
\Mathstrutbox@=\box52
\strutbox@=\box53
LaTeX Info: Redefining \big on input line 722.
LaTeX Info: Redefining \Big on input line 723.
LaTeX Info: Redefining \bigg on input line 724.
LaTeX Info: Redefining \Bigg on input line 725.
\big@size=\dimen146
LaTeX Font Info:    Redeclaring font encoding OML on input line 743.
LaTeX Font Info:    Redeclaring font encoding OMS on input line 744.
\macc@depth=\count276
LaTeX Info: Redefining \bmod on input line 905.
LaTeX Info: Redefining \pmod on input line 910.
LaTeX Info: Redefining \smash on input line 940.
LaTeX Info: Redefining \relbar on input line 970.
LaTeX Info: Redefining \Relbar on input line 971.
\c@MaxMatrixCols=\count277
\dotsspace@=\muskip16
\c@parentequation=\count278
\dspbrk@lvl=\count279
\tag@help=\toks22
\row@=\count280
\column@=\count281
\maxfields@=\count282
\andhelp@=\toks23
\eqnshift@=\dimen147
\alignsep@=\dimen148
\tagshift@=\dimen149
\tagwidth@=\dimen150
\totwidth@=\dimen151
\lineht@=\dimen152
\@envbody=\toks24
\multlinegap=\skip54
\multlinetaggap=\skip55
\mathdisplay@stack=\toks25
LaTeX Info: Redefining \[ on input line 2953.
LaTeX Info: Redefining \] on input line 2954.
)
\g_MT_multlinerow_int=\count283
\l_MT_multwidth_dim=\dimen153
\origjot=\skip56
\l_MT_shortvdotswithinadjustabove_dim=\dimen154
\l_MT_shortvdotswithinadjustbelow_dim=\dimen155
\l_MT_above_intertext_sep=\dimen156
\l_MT_below_intertext_sep=\dimen157
\l_MT_above_shortintertext_sep=\dimen158
\l_MT_below_shortintertext_sep=\dimen159
\xmathstrut@box=\box54
\xmathstrut@dim=\dimen160
)
(C:\Program Files\MiKTeX\tex/latex/siunitx\siunitx.sty
Package: siunitx 2025-07-09 v3.4.14 A comprehensive (SI) units package
\l__siunitx_number_uncert_offset_int=\count284
\l__siunitx_number_exponent_fixed_int=\count285
\l__siunitx_number_min_decimal_int=\count286
\l__siunitx_number_min_integer_int=\count287
\l__siunitx_number_round_precision_int=\count288
\l__siunitx_number_lower_threshold_int=\count289
\l__siunitx_number_upper_threshold_int=\count290
\l__siunitx_number_group_first_int=\count291
\l__siunitx_number_group_size_int=\count292
\l__siunitx_number_group_minimum_int=\count293
\l__siunitx_angle_tmp_dim=\dimen161
\l__siunitx_angle_marker_box=\box55
\l__siunitx_angle_unit_box=\box56
\l__siunitx_compound_count_int=\count294

(C:\Program Files\MiKTeX\tex/latex/translations\translations.sty
Package: translations 2022/02/05 v1.12 internationalization of LaTeX2e packages
 (CN)

(C:\Program Files\MiKTeX\tex/latex/etoolbox\etoolbox.sty
Package: etoolbox 2020/10/05 v2.5k e-TeX tools for LaTeX (JAW)
\etb@tempcnta=\count295
)
(C:\Program Files\MiKTeX\tex/generic/pdftexcmds\pdftexcmds.sty
Package: pdftexcmds 2020-06-27 v0.33 Utility functions of pdfTeX for LuaTeX (HO
)

(C:\Program Files\MiKTeX\tex/generic/infwarerr\infwarerr.sty
Package: infwarerr 2019/12/03 v1.5 Providing info/warning/error messages (HO)
)
(C:\Program Files\MiKTeX\tex/generic/iftex\iftex.sty
Package: iftex 2022/02/03 v1.0f TeX engine tests
)
(C:\Program Files\MiKTeX\tex/generic/ltxcmds\ltxcmds.sty
Package: ltxcmds 2023-12-04 v1.26 LaTeX kernel commands for general use (HO)
)
Package pdftexcmds Info: \pdf@primitive is available.
Package pdftexcmds Info: \pdf@ifprimitive is available.
Package pdftexcmds Info: \pdfdraftmode found.
))
\l__siunitx_table_tmp_box=\box57
\l__siunitx_table_tmp_dim=\dimen162
\l__siunitx_table_column_width_dim=\dimen163
\l__siunitx_table_integer_box=\box58
\l__siunitx_table_decimal_box=\box59
\l__siunitx_table_uncert_box=\box60
\l__siunitx_table_before_box=\box61
\l__siunitx_table_after_box=\box62
\l__siunitx_table_before_dim=\dimen164
\l__siunitx_table_carry_dim=\dimen165
\l__siunitx_unit_tmp_int=\count296
\l__siunitx_unit_position_int=\count297
\l__siunitx_unit_total_int=\count298

(C:\Program Files\MiKTeX\tex/latex/tools\array.sty
Package: array 2023/10/16 v2.5g Tabular extension package (FMi)
\col@sep=\dimen166
\ar@mcellbox=\box63
\extrarowheight=\dimen167
\NC@list=\toks26
\extratabsurround=\skip57
\backup@length=\skip58
\ar@cellbox=\box64
))
(C:\Program Files\MiKTeX\tex/latex/amsfonts\amssymb.sty
Package: amssymb 2013/01/14 v3.01 AMS font symbols

(C:\Program Files\MiKTeX\tex/latex/amsfonts\amsfonts.sty
Package: amsfonts 2013/01/14 v3.01 Basic AMSFonts support
\symAMSa=\mathgroup4
\symAMSb=\mathgroup5
LaTeX Font Info:    Redeclaring math symbol \hbar on input line 98.
LaTeX Font Info:    Overwriting math alphabet `\mathfrak' in version `bold'
(Font)                  U/euf/m/n --> U/euf/b/n on input line 106.
))
(C:\Program Files\MiKTeX\tex/latex/booktabs\booktabs.sty
Package: booktabs 2020/01/12 v1.61803398 Publication quality tables
\heavyrulewidth=\dimen168
\lightrulewidth=\dimen169
\cmidrulewidth=\dimen170
\belowrulesep=\dimen171
\belowbottomsep=\dimen172
\aboverulesep=\dimen173
\abovetopsep=\dimen174
\cmidrulesep=\dimen175
\cmidrulekern=\dimen176
\defaultaddspace=\dimen177
\@cmidla=\count299
\@cmidlb=\count300
\@aboverulesep=\dimen178
\@belowrulesep=\dimen179
\@thisruleclass=\count301
\@lastruleclass=\count302
\@thisrulewidth=\dimen180
)
(C:\Program Files\MiKTeX\tex/latex/float\float.sty
Package: float 2001/11/08 v1.3d Float enhancements (AL)
\c@float@type=\count303
\float@exts=\toks27
\float@box=\box65
\@float@everytoks=\toks28
\@floatcapt=\box66
)
(C:\Program Files\MiKTeX\tex/latex/graphics\graphicx.sty
Package: graphicx 2021/09/16 v1.2d Enhanced LaTeX Graphics (DPC,SPQR)

(C:\Program Files\MiKTeX\tex/latex/graphics\graphics.sty
Package: graphics 2022/03/10 v1.4e Standard LaTeX Graphics (DPC,SPQR)

(C:\Program Files\MiKTeX\tex/latex/graphics\trig.sty
Package: trig 2021/08/11 v1.11 sin cos tan (DPC)
)
(C:\Program Files\MiKTeX\tex/latex/graphics-cfg\graphics.cfg
File: graphics.cfg 2016/06/04 v1.11 sample graphics configuration
)
Package graphics Info: Driver file: pdftex.def on input line 107.

(C:\Program Files\MiKTeX\tex/latex/graphics-def\pdftex.def
File: pdftex.def 2022/09/22 v1.2b Graphics/color driver for pdftex
))
\Gin@req@height=\dimen181
\Gin@req@width=\dimen182
)
(C:\Program Files\MiKTeX\tex/latex/caption\caption.sty
Package: caption 2023/08/05 v3.6o Customizing captions (AR)

(C:\Program Files\MiKTeX\tex/latex/caption\caption3.sty
Package: caption3 2023/07/31 v2.4d caption3 kernel (AR)
\caption@tempdima=\dimen183
\captionmargin=\dimen184
\caption@leftmargin=\dimen185
\caption@rightmargin=\dimen186
\caption@width=\dimen187
\caption@indent=\dimen188
\caption@parindent=\dimen189
\caption@hangindent=\dimen190
Package caption Info: Standard document class detected.
)
\c@caption@flags=\count304
\c@continuedfloat=\count305
Package caption Info: float package is loaded.
)
(C:\Program Files\MiKTeX\tex/latex/caption\subcaption.sty
Package: subcaption 2023/07/28 v1.6b Sub-captions (AR)
Package caption Info: New subtype `subfigure' on input line 238.
\c@subfigure=\count306
Package caption Info: New subtype `subtable' on input line 238.
\c@subtable=\count307
)
(C:\Program Files\MiKTeX\tex/latex/wallpaper\wallpaper.sty
Package: wallpaper 2005/01/18, v1.01 easy wallpaper formatting (MHFW)

(C:\Program Files\MiKTeX\tex/latex/base\ifthen.sty
Package: ifthen 2022/04/13 v1.1d Standard LaTeX ifthen package (DPC)
)
(C:\Program Files\MiKTeX\tex/latex/eso-pic\eso-pic.sty
Package: eso-pic 2023/05/03 v3.0c eso-pic (RN)
\ESO@tempdima=\dimen191
\ESO@tempdimb=\dimen192

(C:\Program Files\MiKTeX\tex/latex/xcolor\xcolor.sty
Package: xcolor 2023/11/15 v3.01 LaTeX color extensions (UK)

(C:\Program Files\MiKTeX\tex/latex/graphics-cfg\color.cfg
File: color.cfg 2016/01/02 v1.6 sample color configuration
)
Package xcolor Info: Driver file: pdftex.def on input line 274.

(C:\Program Files\MiKTeX\tex/latex/graphics\mathcolor.ltx)
Package xcolor Info: Model `cmy' substituted by `cmy0' on input line 1350.
Package xcolor Info: Model `hsb' substituted by `rgb' on input line 1354.
Package xcolor Info: Model `RGB' extended on input line 1366.
Package xcolor Info: Model `HTML' substituted by `rgb' on input line 1368.
Package xcolor Info: Model `Hsb' substituted by `hsb' on input line 1369.
Package xcolor Info: Model `tHsb' substituted by `hsb' on input line 1370.
Package xcolor Info: Model `HSB' substituted by `hsb' on input line 1371.
Package xcolor Info: Model `Gray' substituted by `gray' on input line 1372.
Package xcolor Info: Model `wave' substituted by `hsb' on input line 1373.
))
\wpXoffset=\skip59
\wpYoffset=\skip60
\tileXoffset=\skip61
\tileYoffset=\skip62
\tilewidth=\skip63
\tileheight=\skip64
\tileX=\skip65
\tileY=\skip66
)
(C:\Program Files\MiKTeX\tex/latex/nomencl\nomencl.sty
Package: nomencl 2021/11/10 v5.6 Nomenclature package

(C:\Program Files\MiKTeX\tex/latex/xkeyval\xkeyval.sty
Package: xkeyval 2022/06/16 v2.9 package option processing (HA)

(C:\Program Files\MiKTeX\tex/generic/xkeyval\xkeyval.tex
(C:\Program Files\MiKTeX\tex/generic/xkeyval\xkvutils.tex
\XKV@toks=\toks29
\XKV@tempa@toks=\toks30
)
\XKV@depth=\count308
File: xkeyval.tex 2014/12/03 v2.7a key=value parser (HA)
))
(C:\Program Files\MiKTeX\tex/latex/koma-script\tocbasic.sty
Package: tocbasic 2024/10/24 v3.43 KOMA-Script package (handling toc-files)

(C:\Program Files\MiKTeX\tex/latex/koma-script\scrbase.sty
Package: scrbase 2024/10/24 v3.43 KOMA-Script package (KOMA-Script-independent 
basics and keyval usage)

(C:\Program Files\MiKTeX\tex/latex/koma-script\scrlfile.sty
Package: scrlfile 2024/10/24 v3.43 KOMA-Script package (file load hooks)

(C:\Program Files\MiKTeX\tex/latex/koma-script\scrlfile-hook.sty
Package: scrlfile-hook 2024/10/24 v3.43 KOMA-Script package (using LaTeX hooks)


(C:\Program Files\MiKTeX\tex/latex/koma-script\scrlogo.sty
Package: scrlogo 2024/10/24 v3.43 KOMA-Script package (logo)
)))
Applying: [2021/05/01] Usage of raw or classic option list on input line 254.
Already applied: [0000/00/00] Usage of raw or classic option list on input line
 370.
)
\scr@dte@tocline@numberwidth=\skip67
\scr@dte@tocline@numbox=\box67
)
Package tocbasic Info: setting babel extension for `nlo' on input line 187.
Package tocbasic Info: setting babel extension for `nls' on input line 188.
\nomlabelwidth=\dimen193
\nom@tempdim=\dimen194
\nomitemsep=\skip68
)
(C:\Program Files\MiKTeX\tex/latex/fancyhdr\fancyhdr.sty
Package: fancyhdr 2025/02/07 v5.2 Extensive control of page headers and footers

\f@nch@headwidth=\skip69
\f@nch@offset@elh=\skip70
\f@nch@offset@erh=\skip71
\f@nch@offset@olh=\skip72
\f@nch@offset@orh=\skip73
\f@nch@offset@elf=\skip74
\f@nch@offset@erf=\skip75
\f@nch@offset@olf=\skip76
\f@nch@offset@orf=\skip77
\f@nch@height=\skip78
\f@nch@footalignment=\skip79
\f@nch@widthL=\skip80
\f@nch@widthC=\skip81
\f@nch@widthR=\skip82
\@temptokenb=\toks31
)
(C:\Program Files\MiKTeX\tex/latex/url\url.sty
\Urlmuskip=\muskip17
Package: url 2013/09/16  ver 3.4  Verb mode for urls, etc.
)
(C:\Program Files\MiKTeX\tex/latex/hyperref\hyperref.sty
Package: hyperref 2023-11-26 v7.01g Hypertext links for LaTeX

(C:\Program Files\MiKTeX\tex/latex/kvsetkeys\kvsetkeys.sty
Package: kvsetkeys 2022-10-05 v1.19 Key value parser (HO)
)
(C:\Program Files\MiKTeX\tex/generic/kvdefinekeys\kvdefinekeys.sty
Package: kvdefinekeys 2019-12-19 v1.6 Define keys (HO)
)
(C:\Program Files\MiKTeX\tex/generic/pdfescape\pdfescape.sty
Package: pdfescape 2019/12/09 v1.15 Implements pdfTeX's escape features (HO)
)
(C:\Program Files\MiKTeX\tex/latex/hycolor\hycolor.sty
Package: hycolor 2020-01-27 v1.10 Color options for hyperref/bookmark (HO)
)
(C:\Program Files\MiKTeX\tex/latex/letltxmacro\letltxmacro.sty
Package: letltxmacro 2019/12/03 v1.6 Let assignment for LaTeX macros (HO)
)
(C:\Program Files\MiKTeX\tex/latex/auxhook\auxhook.sty
Package: auxhook 2019-12-17 v1.6 Hooks for auxiliary files (HO)
)
(C:\Program Files\MiKTeX\tex/latex/hyperref\nameref.sty
Package: nameref 2023-11-26 v2.56 Cross-referencing by name of section

(C:\Program Files\MiKTeX\tex/latex/refcount\refcount.sty
Package: refcount 2019/12/15 v3.6 Data extraction from label references (HO)
)
(C:\Program Files\MiKTeX\tex/generic/gettitlestring\gettitlestring.sty
Package: gettitlestring 2019/12/15 v1.6 Cleanup title references (HO)

(C:\Program Files\MiKTeX\tex/latex/kvoptions\kvoptions.sty
Package: kvoptions 2022-06-15 v3.15 Key value format for package options (HO)
))
\c@section@level=\count309
)
\@linkdim=\dimen195
\Hy@linkcounter=\count310
\Hy@pagecounter=\count311

(C:\Program Files\MiKTeX\tex/latex/hyperref\pd1enc.def
File: pd1enc.def 2023-11-26 v7.01g Hyperref: PDFDocEncoding definition (HO)
Now handling font encoding PD1 ...
... no UTF-8 mapping file for font encoding PD1
)
(C:\Program Files\MiKTeX\tex/generic/intcalc\intcalc.sty
Package: intcalc 2019/12/15 v1.3 Expandable calculations with integers (HO)
)
\Hy@SavedSpaceFactor=\count312

(C:\Program Files\MiKTeX\tex/latex/hyperref\puenc.def
File: puenc.def 2023-11-26 v7.01g Hyperref: PDF Unicode definition (HO)
Now handling font encoding PU ...
... no UTF-8 mapping file for font encoding PU
)
Package hyperref Info: Hyper figures OFF on input line 4181.
Package hyperref Info: Link nesting OFF on input line 4186.
Package hyperref Info: Hyper index ON on input line 4189.
Package hyperref Info: Plain pages OFF on input line 4196.
Package hyperref Info: Backreferencing OFF on input line 4201.
Package hyperref Info: Implicit mode ON; LaTeX internals redefined.
Package hyperref Info: Bookmarks ON on input line 4448.
\c@Hy@tempcnt=\count313
LaTeX Info: Redefining \url on input line 4786.
\XeTeXLinkMargin=\dimen196

(C:\Program Files\MiKTeX\tex/generic/bitset\bitset.sty
Package: bitset 2019/12/09 v1.3 Handle bit-vector datatype (HO)

(C:\Program Files\MiKTeX\tex/generic/bigintcalc\bigintcalc.sty
Package: bigintcalc 2019/12/15 v1.5 Expandable calculations on big integers (HO
)
))
\Fld@menulength=\count314
\Field@Width=\dimen197
\Fld@charsize=\dimen198
Package hyperref Info: Hyper figures OFF on input line 6065.
Package hyperref Info: Link nesting OFF on input line 6070.
Package hyperref Info: Hyper index ON on input line 6073.
Package hyperref Info: backreferencing OFF on input line 6080.
Package hyperref Info: Link coloring OFF on input line 6085.
Package hyperref Info: Link coloring with OCG OFF on input line 6090.
Package hyperref Info: PDF/A mode OFF on input line 6095.

(C:\Program Files\MiKTeX\tex/latex/base\atbegshi-ltx.sty
Package: atbegshi-ltx 2021/01/10 v1.0c Emulation of the original atbegshi
package with kernel methods
)
\Hy@abspage=\count315
\c@Item=\count316
\c@Hfootnote=\count317
)
Package hyperref Info: Driver (autodetected): hpdftex.

(C:\Program Files\MiKTeX\tex/latex/hyperref\hpdftex.def
File: hpdftex.def 2023-11-26 v7.01g Hyperref driver for pdfTeX

(C:\Program Files\MiKTeX\tex/latex/base\atveryend-ltx.sty
Package: atveryend-ltx 2020/08/19 v1.0a Emulation of the original atveryend pac
kage
with kernel methods
)
\Fld@listcount=\count318
\c@bookmark@seq@number=\count319

(C:\Program Files\MiKTeX\tex/latex/rerunfilecheck\rerunfilecheck.sty
Package: rerunfilecheck 2022-07-10 v1.10 Rerun checks for auxiliary files (HO)

(C:\Program Files\MiKTeX\tex/generic/uniquecounter\uniquecounter.sty
Package: uniquecounter 2019/12/15 v1.4 Provide unlimited unique counter (HO)
)
Package uniquecounter Info: New unique counter `rerunfilecheck' on input line 2
85.
)
\Hy@SectionHShift=\skip83
)
(C:\Program Files\MiKTeX\tex/latex/geometry\geometry.sty
Package: geometry 2020/01/02 v5.9 Page Geometry

(C:\Program Files\MiKTeX\tex/generic/iftex\ifvtex.sty
Package: ifvtex 2019/10/25 v1.7 ifvtex legacy package. Use iftex instead.
)
\Gm@cnth=\count320
\Gm@cntv=\count321
\c@Gm@tempcnt=\count322
\Gm@bindingoffset=\dimen199
\Gm@wd@mp=\dimen256
\Gm@odd@mp=\dimen257
\Gm@even@mp=\dimen258
\Gm@layoutwidth=\dimen259
\Gm@layoutheight=\dimen260
\Gm@layouthoffset=\dimen261
\Gm@layoutvoffset=\dimen262
\Gm@dimlist=\toks32

(C:\Program Files\MiKTeX\tex/latex/geometry\geometry.cfg)))
(C:\Program Files\MiKTeX\tex/latex/biblatex\biblatex.sty
Package: biblatex 2023/03/05 v3.19 programmable bibliographies (PK/MW)

(C:\Program Files\MiKTeX\tex/latex/logreq\logreq.sty
Package: logreq 2010/08/04 v1.0 xml request logger
\lrq@indent=\count323

(C:\Program Files\MiKTeX\tex/latex/logreq\logreq.def
File: logreq.def 2010/08/04 v1.0 logreq spec v1.0
))
\c@tabx@nest=\count324
\c@listtotal=\count325
\c@listcount=\count326
\c@liststart=\count327
\c@liststop=\count328
\c@citecount=\count329
\c@citetotal=\count330
\c@multicitecount=\count331
\c@multicitetotal=\count332
\c@instcount=\count333
\c@maxnames=\count334
\c@minnames=\count335
\c@maxitems=\count336
\c@minitems=\count337
\c@citecounter=\count338
\c@maxcitecounter=\count339
\c@savedcitecounter=\count340
\c@uniquelist=\count341
\c@uniquename=\count342
\c@refsection=\count343
\c@refsegment=\count344
\c@maxextratitle=\count345
\c@maxextratitleyear=\count346
\c@maxextraname=\count347
\c@maxextradate=\count348
\c@maxextraalpha=\count349
\c@abbrvpenalty=\count350
\c@highnamepenalty=\count351
\c@lownamepenalty=\count352
\c@maxparens=\count353
\c@parenlevel=\count354
\blx@tempcnta=\count355
\blx@tempcntb=\count356
\blx@tempcntc=\count357
\c@blx@maxsection=\count358
\blx@maxsegment@0=\count359
\blx@notetype=\count360
\blx@parenlevel@text=\count361
\blx@parenlevel@foot=\count362
\blx@sectionciteorder@0=\count363
\blx@sectionciteorderinternal@0=\count364
\blx@entrysetcounter=\count365
\blx@biblioinstance=\count366
\labelnumberwidth=\skip84
\labelalphawidth=\skip85
\biblabelsep=\skip86
\bibitemsep=\skip87
\bibnamesep=\skip88
\bibinitsep=\skip89
\bibparsep=\skip90
\bibhang=\skip91
\blx@bcfin=\read3
\blx@bcfout=\write3
\blx@langwohyphens=\language80
\c@mincomprange=\count367
\c@maxcomprange=\count368
\c@mincompwidth=\count369
Package biblatex Info: Trying to load biblatex default data model...
Package biblatex Info: ... file 'blx-dm.def' found.

(C:\Program Files\MiKTeX\tex/latex/biblatex\blx-dm.def
File: blx-dm.def 2023/03/05 v3.19 biblatex localization (PK/MW)
)
Package biblatex Info: Trying to load biblatex custom data model...
Package biblatex Info: ... file 'biblatex-dm.cfg' not found.
\c@afterword=\count370
\c@savedafterword=\count371
\c@annotator=\count372
\c@savedannotator=\count373
\c@author=\count374
\c@savedauthor=\count375
\c@bookauthor=\count376
\c@savedbookauthor=\count377
\c@commentator=\count378
\c@savedcommentator=\count379
\c@editor=\count380
\c@savededitor=\count381
\c@editora=\count382
\c@savededitora=\count383
\c@editorb=\count384
\c@savededitorb=\count385
\c@editorc=\count386
\c@savededitorc=\count387
\c@foreword=\count388
\c@savedforeword=\count389
\c@holder=\count390
\c@savedholder=\count391
\c@introduction=\count392
\c@savedintroduction=\count393
\c@namea=\count394
\c@savednamea=\count395
\c@nameb=\count396
\c@savednameb=\count397
\c@namec=\count398
\c@savednamec=\count399
\c@translator=\count400
\c@savedtranslator=\count401
\c@shortauthor=\count402
\c@savedshortauthor=\count403
\c@shorteditor=\count404
\c@savedshorteditor=\count405
\c@labelname=\count406
\c@savedlabelname=\count407
\c@institution=\count408
\c@savedinstitution=\count409
\c@lista=\count410
\c@savedlista=\count411
\c@listb=\count412
\c@savedlistb=\count413
\c@listc=\count414
\c@savedlistc=\count415
\c@listd=\count416
\c@savedlistd=\count417
\c@liste=\count418
\c@savedliste=\count419
\c@listf=\count420
\c@savedlistf=\count421
\c@location=\count422
\c@savedlocation=\count423
\c@organization=\count424
\c@savedorganization=\count425
\c@origlocation=\count426
\c@savedoriglocation=\count427
\c@origpublisher=\count428
\c@savedorigpublisher=\count429
\c@publisher=\count430
\c@savedpublisher=\count431
\c@language=\count432
\c@savedlanguage=\count433
\c@origlanguage=\count434
\c@savedoriglanguage=\count435
\c@pageref=\count436
\c@savedpageref=\count437
\shorthandwidth=\skip92
\shortjournalwidth=\skip93
\shortserieswidth=\skip94
\shorttitlewidth=\skip95
\shortauthorwidth=\skip96
\shorteditorwidth=\skip97
\locallabelnumberwidth=\skip98
\locallabelalphawidth=\skip99
\localshorthandwidth=\skip100
\localshortjournalwidth=\skip101
\localshortserieswidth=\skip102
\localshorttitlewidth=\skip103
\localshortauthorwidth=\skip104
\localshorteditorwidth=\skip105
Package biblatex Info: Trying to load compatibility code...
Package biblatex Info: ... file 'blx-compat.def' found.

(C:\Program Files\MiKTeX\tex/latex/biblatex\blx-compat.def
File: blx-compat.def 2023/03/05 v3.19 biblatex compatibility (PK/MW)
)
Package biblatex Info: Trying to load BibTeX backend compatibility...
Package biblatex Info: ... file 'blx-bibtex.def' found.

(C:\Program Files\MiKTeX\tex/latex/biblatex\blx-bibtex.def
File: blx-bibtex.def 2023/03/05 v3.19 biblatex compatibility (PK/MW)


Package biblatex Warning: Using fall-back bibtex backend:
(biblatex)                functionality may be reduced/unavailable.

)
Package biblatex Info: Trying to load generic definitions...
Package biblatex Info: ... file 'biblatex.def' found.
 (C:\Program Files\MiKTeX\tex/latex/biblatex\biblatex.def
File: biblatex.def 2023/03/05 v3.19 biblatex compatibility (PK/MW)
\c@textcitecount=\count438
\c@textcitetotal=\count439
\c@textcitemaxnames=\count440
\c@biburlbigbreakpenalty=\count441
\c@biburlbreakpenalty=\count442
\c@biburlnumpenalty=\count443
\c@biburlucpenalty=\count444
\c@biburllcpenalty=\count445
\biburlbigskip=\muskip18
\biburlnumskip=\muskip19
\biburlucskip=\muskip20
\biburllcskip=\muskip21
\c@smartand=\count446
)
Package biblatex Info: Trying to load bibliography style 'numeric'...
Package biblatex Info: ... file 'numeric.bbx' found.

(C:\Program Files\MiKTeX\tex/latex/biblatex/bbx\numeric.bbx
File: numeric.bbx 2023/03/05 v3.19 biblatex bibliography style (PK/MW)
Package biblatex Info: Trying to load bibliography style 'standard'...
Package biblatex Info: ... file 'standard.bbx' found.

(C:\Program Files\MiKTeX\tex/latex/biblatex/bbx\standard.bbx
File: standard.bbx 2023/03/05 v3.19 biblatex bibliography style (PK/MW)
\c@bbx:relatedcount=\count447
\c@bbx:relatedtotal=\count448
))
Package biblatex Info: Trying to load citation style 'numeric'...
Package biblatex Info: ... file 'numeric.cbx' found.

(C:\Program Files\MiKTeX\tex/latex/biblatex/cbx\numeric.cbx
File: numeric.cbx 2023/03/05 v3.19 biblatex citation style (PK/MW)
Package biblatex Info: Redefining '\cite'.
Package biblatex Info: Redefining '\parencite'.
Package biblatex Info: Redefining '\footcite'.
Package biblatex Info: Redefining '\footcitetext'.
Package biblatex Info: Redefining '\smartcite'.
Package biblatex Info: Redefining '\supercite'.
Package biblatex Info: Redefining '\textcite'.
Package biblatex Info: Redefining '\textcites'.
Package biblatex Info: Redefining '\cites'.
Package biblatex Info: Redefining '\parencites'.
Package biblatex Info: Redefining '\smartcites'.
)
Package biblatex Info: Trying to load configuration file...
Package biblatex Info: ... file 'biblatex.cfg' found.

(C:\Program Files\MiKTeX\tex/latex/biblatex\biblatex.cfg
File: biblatex.cfg 
)
Package biblatex Info: Input encoding 'utf8' detected.
Package biblatex Info: Document encoding is UTF8 ....
Package biblatex Info: ... and expl3
(biblatex)             2024-01-04 L3 programming layer (loader) 
(biblatex)             is new enough (at least 2020/04/06),
(biblatex)             setting 'casechanger=expl3'.

(C:\Program Files\MiKTeX\tex/latex/biblatex\blx-case-expl3.sty
(C:\Program Files\MiKTeX\tex/latex/l3packages/xparse\xparse.sty
Package: xparse 2023-10-10 L3 Experimental document command parser
)
Package: blx-case-expl3 2023/03/05 v3.19 expl3 case changing code for biblatex
))
(C:\Program Files\MiKTeX\tex/latex/gensymb\gensymb.sty
Package: gensymb 2022/10/17 v1.0.2 (KJH)
)
(C:\Program Files\MiKTeX\tex/latex/adjustbox\adjustbox.sty
Package: adjustbox 2025/02/26 v1.3c Adjusting TeX boxes (trim, clip, ...)

(C:\Program Files\MiKTeX\tex/latex/adjustbox\adjcalc.sty
Package: adjcalc 2012/05/16 v1.1 Provides advanced setlength with multiple back
-ends (calc, etex, pgfmath)
)
(C:\Program Files\MiKTeX\tex/latex/adjustbox\trimclip.sty
Package: trimclip 2025/02/21 v1.2a Trim and clip general TeX material

(C:\Program Files\MiKTeX\tex/latex/collectbox\collectbox.sty
Package: collectbox 2022/10/17 v0.4c Collect macro arguments as boxes
\collectedbox=\box68
)
\tc@llx=\dimen263
\tc@lly=\dimen264
\tc@urx=\dimen265
\tc@ury=\dimen266
Package trimclip Info: Using driver 'tc-pdftex.def'.

(C:\Program Files\MiKTeX\tex/latex/adjustbox\tc-pdftex.def
File: tc-pdftex.def 2025/02/26 v2.3 Clipping driver for pdftex
))
\adjbox@Width=\dimen267
\adjbox@Height=\dimen268
\adjbox@Depth=\dimen269
\adjbox@Totalheight=\dimen270
\adjbox@pwidth=\dimen271
\adjbox@pheight=\dimen272
\adjbox@pdepth=\dimen273
\adjbox@ptotalheight=\dimen274

(C:\Program Files\MiKTeX\tex/latex/ifoddpage\ifoddpage.sty
Package: ifoddpage 2022/10/18 v1.2 Conditionals for odd/even page detection
\c@checkoddpage=\count449
)
(C:\Program Files\MiKTeX\tex/latex/varwidth\varwidth.sty
Package: varwidth 2009/03/30 ver 0.92;  Variable-width minipages
\@vwid@box=\box69
\sift@deathcycles=\count450
\@vwid@loff=\dimen275
\@vwid@roff=\dimen276
))
(C:\Program Files\MiKTeX\tex/latex/base\fontenc.sty
Package: fontenc 2021/04/29 v2.0v Standard LaTeX package
)
(C:\Program Files\MiKTeX\tex/latex/tools\tabularx.sty
Package: tabularx 2023/07/08 v2.11c `tabularx' package (DPC)
\TX@col@width=\dimen277
\TX@old@table=\dimen278
\TX@old@col=\dimen279
\TX@target=\dimen280
\TX@delta=\dimen281
\TX@cols=\count451
\TX@ftn=\toks33
)
(C:\Program Files\MiKTeX\tex/latex/listings\listings.sty
\lst@mode=\count452
\lst@gtempboxa=\box70
\lst@token=\toks34
\lst@length=\count453
\lst@currlwidth=\dimen282
\lst@column=\count454
\lst@pos=\count455
\lst@lostspace=\dimen283
\lst@width=\dimen284
\lst@newlines=\count456
\lst@lineno=\count457
\lst@maxwidth=\dimen285

(C:\Program Files\MiKTeX\tex/latex/listings\lstmisc.sty
File: lstmisc.sty 2023/02/27 1.9 (Carsten Heinz)
\c@lstnumber=\count458
\lst@skipnumbers=\count459
\lst@framebox=\box71
)
(C:\Program Files\MiKTeX\tex/latex/listings\listings.cfg
File: listings.cfg 2023/02/27 1.9 listings configuration
))
Package: listings 2023/02/27 1.9 (Carsten Heinz)

(C:\Program Files\MiKTeX\tex/latex/psnfss\courier.sty
Package: courier 2020/03/25 PSNFSS-v9.3 (WaS) 
)

Package biblatex Warning: 'babel/polyglossia' detected but 'csquotes' missing.
(biblatex)                Loading 'csquotes' recommended.

\@quotelevel=\count460
\@quotereset=\count461
(main.aux
LaTeX Info: Redefining \. on input line 16.
LaTeX Info: Redefining \% on input line 16.
)
\openout1 = `main.aux'.

LaTeX Font Info:    Checking defaults for OML/cmm/m/it on input line 46.
LaTeX Font Info:    ... okay on input line 46.
LaTeX Font Info:    Checking defaults for OMS/cmsy/m/n on input line 46.
LaTeX Font Info:    ... okay on input line 46.
LaTeX Font Info:    Checking defaults for OT1/cmr/m/n on input line 46.
LaTeX Font Info:    ... okay on input line 46.
LaTeX Font Info:    Checking defaults for T1/cmr/m/n on input line 46.
LaTeX Font Info:    ... okay on input line 46.
LaTeX Font Info:    Checking defaults for TS1/cmr/m/n on input line 46.
LaTeX Font Info:    ... okay on input line 46.
LaTeX Font Info:    Checking defaults for OMX/cmex/m/n on input line 46.
LaTeX Font Info:    ... okay on input line 46.
LaTeX Font Info:    Checking defaults for U/cmr/m/n on input line 46.
LaTeX Font Info:    ... okay on input line 46.
LaTeX Font Info:    Checking defaults for PD1/pdf/m/n on input line 46.
LaTeX Font Info:    ... okay on input line 46.
LaTeX Font Info:    Checking defaults for PU/pdf/m/n on input line 46.
LaTeX Font Info:    ... okay on input line 46.
LaTeX Info: Redefining \. on input line 46.
LaTeX Info: Redefining \% on input line 46.

(C:\Program Files\MiKTeX\tex/latex/translations/dicts\translations-basic-dictio
nary-spanish.trsl
File: translations-basic-dictionary-spanish.trsl (spanish translation file `tra
nslations-basic-dictionary')
)
Package translations Info: loading dictionary `translations-basic-dictionary' f
or `spanish'. on input line 46.
 (C:\Program Files\MiKTeX\tex/context/base/mkii\supp-pdf.mkii
[Loading MPS to PDF converter (version 2006.09.02).]
\scratchcounter=\count462
\scratchdimen=\dimen286
\scratchbox=\box72
\nofMPsegments=\count463
\nofMParguments=\count464
\everyMPshowfont=\toks35
\MPscratchCnt=\count465
\MPscratchDim=\dimen287
\MPnumerator=\count466
\makeMPintoPDFobject=\count467
\everyMPtoPDFconversion=\toks36
) (C:\Program Files\MiKTeX\tex/latex/epstopdf-pkg\epstopdf-base.sty
Package: epstopdf-base 2020-01-24 v2.11 Base part for package epstopdf
Package epstopdf-base Info: Redefining graphics rule for `.eps' on input line 4
85.

(C:\Program Files\MiKTeX\tex/latex/00miktex\epstopdf-sys.cfg
File: epstopdf-sys.cfg 2021/03/18 v2.0 Configuration of epstopdf for MiKTeX
))
Package caption Info: Begin \AtBeginDocument code.
Package caption Info: hyperref package is loaded.
Package caption Info: listings package is loaded.
Package caption Info: End \AtBeginDocument code.
Package hyperref Info: Link coloring OFF on input line 46.
 (main.out)
(main.out)
\@outlinefile=\write4
\openout4 = `main.out'.


*geometry* driver: auto-detecting
*geometry* detected driver: pdftex
*geometry* verbose mode - [ preamble ] result:
* driver: pdftex
* paper: <default>
* layout: <same size as paper>
* layoutoffset:(h,v)=(0.0pt,0.0pt)
* modes: 
* h-part:(L,W,R)=(71.13188pt, 455.24411pt, 71.13188pt)
* v-part:(T,H,B)=(56.9055pt, 688.5567pt, 99.58464pt)
* \paperwidth=597.50787pt
* \paperheight=845.04684pt
* \textwidth=455.24411pt
* \textheight=688.5567pt
* \oddsidemargin=-1.1381pt
* \evensidemargin=-1.1381pt
* \topmargin=-52.36449pt
* \headheight=12.0pt
* \headsep=25.0pt
* \topskip=12.0pt
* \footskip=30.0pt
* \marginparwidth=35.0pt
* \marginparsep=10.0pt
* \columnsep=10.0pt
* \skip\footins=10.8pt plus 4.0pt minus 2.0pt
* \hoffset=0.0pt
* \voffset=0.0pt
* \mag=1000
* \@twocolumnfalse
* \@twosidefalse
* \@mparswitchfalse
* \@reversemarginfalse
* (1in=72.27pt=25.4mm, 1cm=28.453pt)

Package biblatex Info: Trying to load language 'spanish'...
Package biblatex Info: ... file 'spanish.lbx' found.
(C:\Program Files\MiKTeX\tex/latex/biblatex/lbx\spanish.lbx
File: spanish.lbx 2023/03/05 v3.19 biblatex localization (PK/MW)
)
Package biblatex Info: Input encoding 'utf8' detected.
Package biblatex Info: Automatic encoding selection.
(biblatex)             Assuming data encoding 'utf8'.
Package biblatex Info: Input encoding 'utf8' detected.
Package biblatex Info: Data encoding 'utf8' specified.
(biblatex)             No need to reencode data.
\openout3 = `main-blx.bib'.

Package biblatex Info: Trying to load bibliographic data...
Package biblatex Info: ... file 'main.bbl' found.
 (main.bbl)
Package biblatex Info: Reference section=0 on input line 46.
Package biblatex Info: Reference segment=0 on input line 46.
LaTeX Info: Redefining \celsius on input line 46.
Package gensymb Info: Faking symbols for \degree and \celsius on input line 46.



Package gensymb Warning: Not defining \perthousand.

LaTeX Info: Redefining \ohm on input line 46.
Package gensymb Info: Using \Omega for \ohm on input line 46.

Package gensymb Warning: Not defining \micro.

\c@lstlisting=\count468
\@nomenclaturefile=\write5
\openout5 = `main.nlo'.

Package nomencl Info: Writing nomenclature file main.nlo on input line 63.
<logos/logo.png, id=71, 538.01pt x 514.92375pt>
File: logos/logo.png Graphic file (type png)
<use logos/logo.png>
Package pdftex.def Info: logos/logo.png  used on input line 64.
(pdftex.def)             Requested size: 136.57462pt x 130.7106pt.
LaTeX Font Info:    Trying to load font information for U+msa on input line 64.

(C:\Program Files\MiKTeX\tex/latex/amsfonts\umsa.fd
File: umsa.fd 2013/01/14 v3.01 AMS symbols A
)
LaTeX Font Info:    Trying to load font information for U+msb on input line 64.


(C:\Program Files\MiKTeX\tex/latex/amsfonts\umsb.fd
File: umsb.fd 2013/01/14 v3.01 AMS symbols B
) [1

{C:/Users/compu/AppData/Local/MiKTeX/fonts/map/pdftex/pdftex.map} <./logos/logo
.png>] (main.toc
LaTeX Info: Redefining \sptext on input line 1.
LaTeX Info: Redefining \. on input line 1.
LaTeX Info: Redefining \% on input line 1.
)
\tf@toc=\write6
\openout6 = `main.toc'.

<logos/udc.png, id=98, 1177.39874pt x 514.92375pt>
File: logos/udc.png Graphic file (type png)
<use logos/udc.png>
Package pdftex.def Info: logos/udc.png  used on input line 66.
(pdftex.def)             Requested size: 117.74677pt x 51.49538pt.
LaTeX Info: Redefining \. on input line 66.
LaTeX Info: Redefining \% on input line 66.

pdfTeX warning (ext4): destination with the same identifier (name{page.1}) has 
been already used, duplicate ignored
<to be read again> 
                   \relax 
l.66 \newpage
              [1 <./logos/udc.png (PNG copy)>]
File: logos/udc.png Graphic file (type png)
<use logos/udc.png>
Package pdftex.def Info: logos/udc.png  used on input line 78.
(pdftex.def)             Requested size: 117.74677pt x 51.49538pt.
LaTeX Info: Redefining \. on input line 78.
LaTeX Info: Redefining \% on input line 78.
 [2]
File: logos/udc.png Graphic file (type png)
<use logos/udc.png>
Package pdftex.def Info: logos/udc.png  used on input line 93.
(pdftex.def)             Requested size: 117.74677pt x 51.49538pt.
LaTeX Info: Redefining \. on input line 93.
LaTeX Info: Redefining \% on input line 93.
 [3]
File: logos/udc.png Graphic file (type png)
<use logos/udc.png>
Package pdftex.def Info: logos/udc.png  used on input line 140.
(pdftex.def)             Requested size: 117.74677pt x 51.49538pt.
LaTeX Info: Redefining \. on input line 140.
LaTeX Info: Redefining \% on input line 140.
 [4]
(C:\Program Files\MiKTeX\tex/latex/listings\lstlang1.sty
File: lstlang1.sty 2023/02/27 1.9 listings language file
)
(C:\Program Files\MiKTeX\tex/latex/listings\lstlang2.sty
File: lstlang2.sty 2023/02/27 1.9 listings language file
)
(C:\Program Files\MiKTeX\tex/latex/listings\lstlang3.sty
File: lstlang3.sty 2023/02/27 1.9 listings language file
)
LaTeX Font Info:    Trying to load font information for T1+pcr on input line 15
4.

(C:\Program Files\MiKTeX\tex/latex/psnfss\t1pcr.fd
File: t1pcr.fd 2001/06/04 font definitions for T1/pcr.
)
File: logos/udc.png Graphic file (type png)
<use logos/udc.png>
Package pdftex.def Info: logos/udc.png  used on input line 190.
(pdftex.def)             Requested size: 117.74677pt x 51.49538pt.
LaTeX Info: Redefining \. on input line 190.
LaTeX Info: Redefining \% on input line 190.
 [5{C:/Program Files/MiKTeX/fonts/enc/dvips/base/8r.enc}]
Underfull \hbox (badness 10000) in paragraph at lines 226--227

 []


Underfull \hbox (badness 10000) in paragraph at lines 228--229

 []

<normalidad_IMC.png, id=157, 963.6pt x 462.22687pt>
File: normalidad_IMC.png Graphic file (type png)
<use normalidad_IMC.png>
Package pdftex.def Info: normalidad_IMC.png  used on input line 238.
(pdftex.def)             Requested size: 455.24411pt x 218.37514pt.
File: logos/udc.png Graphic file (type png)
<use logos/udc.png>
Package pdftex.def Info: logos/udc.png  used on input line 242.
(pdftex.def)             Requested size: 117.74677pt x 51.49538pt.
LaTeX Info: Redefining \. on input line 242.
LaTeX Info: Redefining \% on input line 242.
[6]
File: logos/udc.png Graphic file (type png)
<use logos/udc.png>
Package pdftex.def Info: logos/udc.png  used on input line 269.
(pdftex.def)             Requested size: 117.74677pt x 51.49538pt.
LaTeX Info: Redefining \. on input line 269.
LaTeX Info: Redefining \% on input line 269.
 [7 <./normalidad_IMC.png (PNG copy)>]
Overfull \hbox (19.95569pt too wide) in paragraph at lines 275--275
[]    \T1/pcr/m/n/12 alternative hypothesis: true autocorrelation is greater th
an 0[] 
 []


Underfull \hbox (badness 10000) in paragraph at lines 277--278

 []

<grafico_dispresion_independencia.png, id=176, 963.6pt x 462.22687pt>
File: grafico_dispresion_independencia.png Graphic file (type png)
<use grafico_dispresion_independencia.png>
Package pdftex.def Info: grafico_dispresion_independencia.png  used on input li
ne 302.
(pdftex.def)             Requested size: 432.48051pt x 207.45003pt.
File: logos/udc.png Graphic file (type png)
<use logos/udc.png>
Package pdftex.def Info: logos/udc.png  used on input line 306.
(pdftex.def)             Requested size: 117.74677pt x 51.49538pt.
LaTeX Info: Redefining \. on input line 306.
LaTeX Info: Redefining \% on input line 306.
[8]
File: logos/udc.png Graphic file (type png)
<use logos/udc.png>
Package pdftex.def Info: logos/udc.png  used on input line 344.
(pdftex.def)             Requested size: 117.74677pt x 51.49538pt.
LaTeX Info: Redefining \. on input line 344.
LaTeX Info: Redefining \% on input line 344.
 [9 <./grafico_dispresion_independencia.png>]
Underfull \hbox (badness 10000) in paragraph at lines 346--347

 []


Underfull \hbox (badness 10000) in paragraph at lines 364--365

 []

<Boxplot-IMC.png, id=193, 963.6pt x 462.22687pt>
File: Boxplot-IMC.png Graphic file (type png)
<use Boxplot-IMC.png>
Package pdftex.def Info: Boxplot-IMC.png  used on input line 373.
(pdftex.def)             Requested size: 455.24411pt x 218.37514pt.
File: logos/udc.png Graphic file (type png)
<use logos/udc.png>
Package pdftex.def Info: logos/udc.png  used on input line 377.
(pdftex.def)             Requested size: 117.74677pt x 51.49538pt.
LaTeX Info: Redefining \. on input line 377.
LaTeX Info: Redefining \% on input line 377.
[10]
Overfull \hbox (5.5557pt too wide) in paragraph at lines 408--408
[]\T1/pcr/m/n/12 GrupoEdad                  2  310.3  155.16  11.202 0.000121 *
**[] 
 []

File: logos/udc.png Graphic file (type png)
<use logos/udc.png>
Package pdftex.def Info: logos/udc.png  used on input line 408.
(pdftex.def)             Requested size: 117.74677pt x 51.49538pt.
LaTeX Info: Redefining \. on input line 408.
LaTeX Info: Redefining \% on input line 408.
[11 <./Boxplot-IMC.png (PNG copy)>]
Underfull \hbox (badness 10000) in paragraph at lines 410--411

 []


Underfull \hbox (badness 10000) in paragraph at lines 419--420

 []


Underfull \hbox (badness 10000) in paragraph at lines 440--441

 []

File: logos/udc.png Graphic file (type png)
<use logos/udc.png>
Package pdftex.def Info: logos/udc.png  used on input line 443.
(pdftex.def)             Requested size: 117.74677pt x 51.49538pt.
LaTeX Info: Redefining \. on input line 443.
LaTeX Info: Redefining \% on input line 443.
[12]
<turkey_GrupoEdad.png, id=212, 524.45938pt x 357.335pt>
File: turkey_GrupoEdad.png Graphic file (type png)
<use turkey_GrupoEdad.png>
Package pdftex.def Info: turkey_GrupoEdad.png  used on input line 483.
(pdftex.def)             Requested size: 364.19667pt x 248.14809pt.
File: logos/udc.png Graphic file (type png)
<use logos/udc.png>
Package pdftex.def Info: logos/udc.png  used on input line 486.
(pdftex.def)             Requested size: 117.74677pt x 51.49538pt.
LaTeX Info: Redefining \. on input line 486.
LaTeX Info: Redefining \% on input line 486.
 [13]
Overfull \hbox (6.1304pt too wide) in paragraph at lines 579--579
 []                                            \T1/pcr/m/n/12 diff         lwr[
] 
 []


Overfull \hbox (6.1304pt too wide) in paragraph at lines 579--579
 []\T1/pcr/m/n/12 Matematicas:17-19-Biologia:17-19      1.99176343  -7.2875711[
] 
 []


Overfull \hbox (6.1304pt too wide) in paragraph at lines 579--579
 []\T1/pcr/m/n/12 Quimica:17-19-Biologia:17-19          0.58226648  -6.4322511[
] 
 []


Overfull \hbox (6.1304pt too wide) in paragraph at lines 579--579
 []\T1/pcr/m/n/12 Biologia:20-22-Biologia:17-19         3.97379401  -2.1009564[
] 
 []


Overfull \hbox (6.1304pt too wide) in paragraph at lines 579--579
 []\T1/pcr/m/n/12 Matematicas:20-22-Biologia:17-19      3.05843042  -1.7211576[
] 
 []


Overfull \hbox (6.1304pt too wide) in paragraph at lines 579--579
 []\T1/pcr/m/n/12 Quimica:20-22-Biologia:17-19          2.96038935  -2.3970369[
] 
 []


Overfull \hbox (6.1304pt too wide) in paragraph at lines 579--579
 []\T1/pcr/m/n/12 Biologia:23-31-Biologia:17-19        15.31887201   6.0395375[
] 
 []


Overfull \hbox (6.1304pt too wide) in paragraph at lines 579--579
 []\T1/pcr/m/n/12 Matematicas:23-31-Biologia:17-19      7.60102888   0.5865113[
] 
 []


Overfull \hbox (6.1304pt too wide) in paragraph at lines 579--579
 []\T1/pcr/m/n/12 Quimica:23-31-Biologia:17-19          3.15033360  -2.6279066[
] 
 []


Overfull \hbox (6.1304pt too wide) in paragraph at lines 579--579
 []\T1/pcr/m/n/12 Quimica:17-19-Matematicas:17-19      -1.40949695 -11.9312733[
] 
 []


Overfull \hbox (6.1304pt too wide) in paragraph at lines 579--579
 []\T1/pcr/m/n/12 Biologia:20-22-Matematicas:17-19      1.98203057  -7.9379953[
] 
 []


Overfull \hbox (6.1304pt too wide) in paragraph at lines 579--579
 []\T1/pcr/m/n/12 Matematicas:20-22-Matematicas:17-19   1.06666698  -8.1174923[
] 
 []


Overfull \hbox (6.1304pt too wide) in paragraph at lines 579--579
 []\T1/pcr/m/n/12 Quimica:20-22-Matematicas:17-19       0.96862592  -8.5290757[
] 
 []

File: logos/udc.png Graphic file (type png)
<use logos/udc.png>
Package pdftex.def Info: logos/udc.png  used on input line 579.
(pdftex.def)             Requested size: 117.74677pt x 51.49538pt.
LaTeX Info: Redefining \. on input line 579.
LaTeX Info: Redefining \% on input line 579.
[14 <./turkey_GrupoEdad.png>]
Overfull \hbox (6.1304pt too wide) in paragraph at lines 579--579
 []\T1/pcr/m/n/12 Biologia:23-31-Matematicas:17-19     13.32710857   1.1776078[
] 
 []


Overfull \hbox (6.1304pt too wide) in paragraph at lines 579--579
 []\T1/pcr/m/n/12 Matematicas:23-31-Matematicas:17-19   5.60926545  -4.9125109[
] 
 []


Overfull \hbox (6.1304pt too wide) in paragraph at lines 579--579
 []\T1/pcr/m/n/12 Quimica:23-31-Matematicas:17-19       1.15857017  -8.5827018[
] 
 []


Overfull \hbox (6.1304pt too wide) in paragraph at lines 579--579
 []\T1/pcr/m/n/12 Biologia:20-22-Quimica:17-19          3.39152752  -4.4509415[
] 
 []


Overfull \hbox (6.1304pt too wide) in paragraph at lines 579--579
 []\T1/pcr/m/n/12 Matematicas:20-22-Quimica:17-19       2.47616393  -4.4119556[
] 
 []


Overfull \hbox (6.1304pt too wide) in paragraph at lines 579--579
 []\T1/pcr/m/n/12 Quimica:20-22-Quimica:17-19           2.37812287  -4.9228185[
] 
 []


Overfull \hbox (6.1304pt too wide) in paragraph at lines 579--579
 []\T1/pcr/m/n/12 Biologia:23-31-Quimica:17-19         14.73660552   4.2148292[
] 
 []


Overfull \hbox (6.1304pt too wide) in paragraph at lines 579--579
 []\T1/pcr/m/n/12 Matematicas:23-31-Quimica:17-19       7.01876240  -1.5722320[
] 
 []


Overfull \hbox (6.1304pt too wide) in paragraph at lines 579--579
 []\T1/pcr/m/n/12 Quimica:23-31-Quimica:17-19           2.56806711  -5.0470355[
] 
 []


Overfull \hbox (6.1304pt too wide) in paragraph at lines 579--579
 []\T1/pcr/m/n/12 Matematicas:20-22-Biologia:20-22     -0.91536359  -6.8437129[
] 
 []


Overfull \hbox (6.1304pt too wide) in paragraph at lines 579--579
 []\T1/pcr/m/n/12 Quimica:20-22-Biologia:20-22         -1.01340466  -7.4167538[
] 
 []


Overfull \hbox (6.1304pt too wide) in paragraph at lines 579--579
 []\T1/pcr/m/n/12 Biologia:23-31-Biologia:20-22        11.34507800   1.4250521[
] 
 []


Overfull \hbox (6.1304pt too wide) in paragraph at lines 579--579
 []\T1/pcr/m/n/12 Matematicas:23-31-Biologia:20-22      3.62723488  -4.2152342[
] 
 []


Overfull \hbox (6.1304pt too wide) in paragraph at lines 579--579
 []\T1/pcr/m/n/12 Quimica:23-31-Biologia:20-22         -0.82346041  -7.5828187[
] 
 []


Overfull \hbox (6.1304pt too wide) in paragraph at lines 579--579
 []\T1/pcr/m/n/12 Quimica:20-22-Matematicas:20-22      -0.09804107  -5.2888743[
] 
 []


Overfull \hbox (6.1304pt too wide) in paragraph at lines 579--579
 []\T1/pcr/m/n/12 Biologia:23-31-Matematicas:20-22     12.26044159   3.0762823[
] 
 []


Overfull \hbox (6.1304pt too wide) in paragraph at lines 579--579
 []\T1/pcr/m/n/12 Matematicas:23-31-Matematicas:20-22   4.54259847  -2.3455210[
] 
 []


Overfull \hbox (6.1304pt too wide) in paragraph at lines 579--579
 []\T1/pcr/m/n/12 Quimica:23-31-Matematicas:20-22       0.09190318  -5.5322228[
] 
 []


Overfull \hbox (6.1304pt too wide) in paragraph at lines 579--579
 []\T1/pcr/m/n/12 Biologia:23-31-Quimica:20-22         12.35848266   2.8607810[
] 
 []


Overfull \hbox (6.1304pt too wide) in paragraph at lines 579--579
 []\T1/pcr/m/n/12 Matematicas:23-31-Quimica:20-22       4.64063953  -2.6603018[
] 
 []


Overfull \hbox (6.1304pt too wide) in paragraph at lines 579--579
 []\T1/pcr/m/n/12 Quimica:23-31-Quimica:20-22           0.18994425  -5.9328286[
] 
 []


Overfull \hbox (6.1304pt too wide) in paragraph at lines 579--579
 []\T1/pcr/m/n/12 Matematicas:23-31-Biologia:23-31     -7.71784312 -18.2396195[
] 
 []


Overfull \hbox (6.1304pt too wide) in paragraph at lines 579--579
 []\T1/pcr/m/n/12 Quimica:23-31-Biologia:23-31        -12.16853841 -21.9098104[
] 
 []


Overfull \hbox (6.1304pt too wide) in paragraph at lines 579--579
 []\T1/pcr/m/n/12 Quimica:23-31-Matematicas:23-31      -4.45069528 -12.0657979[
] 
 []

File: logos/udc.png Graphic file (type png)
<use logos/udc.png>
Package pdftex.def Info: logos/udc.png  used on input line 579.
(pdftex.def)             Requested size: 117.74677pt x 51.49538pt.
LaTeX Info: Redefining \. on input line 579.
LaTeX Info: Redefining \% on input line 579.
[15]
<turkey_Programa-GrupoEdad.png, id=229, 963.6pt x 462.22687pt>
File: turkey_Programa-GrupoEdad.png Graphic file (type png)
<use turkey_Programa-GrupoEdad.png>
Package pdftex.def Info: turkey_Programa-GrupoEdad.png  used on input line 598.

(pdftex.def)             Requested size: 455.24411pt x 218.37514pt.
File: logos/udc.png Graphic file (type png)
<use logos/udc.png>
Package pdftex.def Info: logos/udc.png  used on input line 601.
(pdftex.def)             Requested size: 117.74677pt x 51.49538pt.
LaTeX Info: Redefining \. on input line 601.
LaTeX Info: Redefining \% on input line 601.
 [16]
Overfull \hbox (164.53033pt too wide) in paragraph at lines 1233--1233
 []\T1/pcr/m/n/12 Fit: aov(formula = IMC ~ Programa * Genero * GrupoEdad, data 
= CienciasExactasIMC)[] 
 []


Overfull \hbox (63.73038pt too wide) in paragraph at lines 1233--1233
 []                                                                \T1/pcr/m/n/
12 diff[] 
 []


Overfull \hbox (63.73038pt too wide) in paragraph at lines 1233--1233
 []\T1/pcr/m/n/12 Matematicas:Femenino:17-19-Biologia:Femenino:17-19       -2.3
6496183[] 
 []


Overfull \hbox (63.73038pt too wide) in paragraph at lines 1233--1233
 []\T1/pcr/m/n/12 Quimica:Femenino:17-19-Biologia:Femenino:17-19           -1.4
5944559[] 
 []


Overfull \hbox (63.73038pt too wide) in paragraph at lines 1233--1233
 []\T1/pcr/m/n/12 Biologia:Masculino:17-19-Biologia:Femenino:17-19         -1.5
2047528[] 
 []


Overfull \hbox (63.73038pt too wide) in paragraph at lines 1233--1233
 []\T1/pcr/m/n/12 Matematicas:Masculino:17-19-Biologia:Femenino:17-19       4.8
5883781[] 
 []


Overfull \hbox (63.73038pt too wide) in paragraph at lines 1233--1233
 []\T1/pcr/m/n/12 Quimica:Masculino:17-19-Biologia:Femenino:17-19           1.5
8862225[] 
 []


Overfull \hbox (63.73038pt too wide) in paragraph at lines 1233--1233
 []\T1/pcr/m/n/12 Biologia:Femenino:20-22-Biologia:Femenino:17-19           0.9
5114707[] 
 []


Overfull \hbox (63.73038pt too wide) in paragraph at lines 1233--1233
 []\T1/pcr/m/n/12 Matematicas:Femenino:20-22-Biologia:Femenino:17-19        1.5
1864778[] 
 []


Overfull \hbox (63.73038pt too wide) in paragraph at lines 1233--1233
 []\T1/pcr/m/n/12 Quimica:Femenino:20-22-Biologia:Femenino:17-19            5.4
2207480[] 
 []


Overfull \hbox (63.73038pt too wide) in paragraph at lines 1233--1233
 []\T1/pcr/m/n/12 Biologia:Masculino:20-22-Biologia:Femenino:17-19          6.5
4430116[] 
 []


Overfull \hbox (63.73038pt too wide) in paragraph at lines 1233--1233
 []\T1/pcr/m/n/12 Matematicas:Masculino:20-22-Biologia:Femenino:17-19       2.9
9449006[] 
 []


Overfull \hbox (63.73038pt too wide) in paragraph at lines 1233--1233
 []\T1/pcr/m/n/12 Quimica:Masculino:20-22-Biologia:Femenino:17-19           2.0
7608814[] 
 []


Overfull \hbox (63.73038pt too wide) in paragraph at lines 1233--1233
 []\T1/pcr/m/n/12 Biologia:Femenino:23-31-Biologia:Femenino:17-19              
     NA[] 
 []


Overfull \hbox (63.73038pt too wide) in paragraph at lines 1233--1233
 []\T1/pcr/m/n/12 Matematicas:Femenino:23-31-Biologia:Femenino:17-19        7.5
3247961[] 
 []


Overfull \hbox (63.73038pt too wide) in paragraph at lines 1233--1233
 []\T1/pcr/m/n/12 Quimica:Femenino:23-31-Biologia:Femenino:17-19            0.3
1846003[] 
 []


Overfull \hbox (63.73038pt too wide) in paragraph at lines 1233--1233
 []\T1/pcr/m/n/12 Biologia:Masculino:23-31-Biologia:Femenino:17-19         15.6
1255251[] 
 []


Overfull \hbox (63.73038pt too wide) in paragraph at lines 1233--1233
 []\T1/pcr/m/n/12 Matematicas:Masculino:23-31-Biologia:Femenino:17-19       3.5
6148214[] 
 []

File: logos/udc.png Graphic file (type png)
<use logos/udc.png>
Package pdftex.def Info: logos/udc.png  used on input line 1233.
(pdftex.def)             Requested size: 117.74677pt x 51.49538pt.
LaTeX Info: Redefining \. on input line 1233.
LaTeX Info: Redefining \% on input line 1233.
[17 <./turkey_Programa-GrupoEdad.png>]
Overfull \hbox (63.73038pt too wide) in paragraph at lines 1233--1233
 []\T1/pcr/m/n/12 Quimica:Masculino:23-31-Biologia:Femenino:17-19           5.6
8024447[] 
 []


Overfull \hbox (63.73038pt too wide) in paragraph at lines 1233--1233
 []\T1/pcr/m/n/12 Quimica:Femenino:17-19-Matematicas:Femenino:17-19         0.9
0551623[] 
 []


Overfull \hbox (63.73038pt too wide) in paragraph at lines 1233--1233
 []\T1/pcr/m/n/12 Biologia:Masculino:17-19-Matematicas:Femenino:17-19       0.8
4448655[] 
 []


Overfull \hbox (63.73038pt too wide) in paragraph at lines 1233--1233
 []\T1/pcr/m/n/12 Matematicas:Masculino:17-19-Matematicas:Femenino:17-19    7.2
2379964[] 
 []


Overfull \hbox (63.73038pt too wide) in paragraph at lines 1233--1233
 []\T1/pcr/m/n/12 Quimica:Masculino:17-19-Matematicas:Femenino:17-19        3.9
5358408[] 
 []


Overfull \hbox (63.73038pt too wide) in paragraph at lines 1233--1233
 []\T1/pcr/m/n/12 Biologia:Femenino:20-22-Matematicas:Femenino:17-19        3.3
1610889[] 
 []


Overfull \hbox (63.73038pt too wide) in paragraph at lines 1233--1233
 []\T1/pcr/m/n/12 Matematicas:Femenino:20-22-Matematicas:Femenino:17-19     3.8
8360961[] 
 []


Overfull \hbox (63.73038pt too wide) in paragraph at lines 1233--1233
 []\T1/pcr/m/n/12 Quimica:Femenino:20-22-Matematicas:Femenino:17-19         7.7
8703662[] 
 []


Overfull \hbox (63.73038pt too wide) in paragraph at lines 1233--1233
 []\T1/pcr/m/n/12 Biologia:Masculino:20-22-Matematicas:Femenino:17-19       8.9
0926299[] 
 []


Overfull \hbox (63.73038pt too wide) in paragraph at lines 1233--1233
 []\T1/pcr/m/n/12 Matematicas:Masculino:20-22-Matematicas:Femenino:17-19    5.3
5945189[] 
 []


Overfull \hbox (63.73038pt too wide) in paragraph at lines 1233--1233
 []\T1/pcr/m/n/12 Quimica:Masculino:20-22-Matematicas:Femenino:17-19        4.4
4104997[] 
 []


Overfull \hbox (63.73038pt too wide) in paragraph at lines 1233--1233
 []\T1/pcr/m/n/12 Biologia:Femenino:23-31-Matematicas:Femenino:17-19           
     NA[] 
 []


Overfull \hbox (63.73038pt too wide) in paragraph at lines 1233--1233
 []\T1/pcr/m/n/12 Matematicas:Femenino:23-31-Matematicas:Femenino:17-19     9.8
9744144[] 
 []


Overfull \hbox (63.73038pt too wide) in paragraph at lines 1233--1233
 []\T1/pcr/m/n/12 Quimica:Femenino:23-31-Matematicas:Femenino:17-19         2.6
8342186[] 
 []


Overfull \hbox (63.73038pt too wide) in paragraph at lines 1233--1233
 []\T1/pcr/m/n/12 Biologia:Masculino:23-31-Matematicas:Femenino:17-19      17.9
7751433[] 
 []


Overfull \hbox (63.73038pt too wide) in paragraph at lines 1233--1233
 []\T1/pcr/m/n/12 Matematicas:Masculino:23-31-Matematicas:Femenino:17-19    5.9
2644397[] 
 []


Overfull \hbox (63.73038pt too wide) in paragraph at lines 1233--1233
 []\T1/pcr/m/n/12 Quimica:Masculino:23-31-Matematicas:Femenino:17-19        8.0
4520630[] 
 []


Overfull \hbox (63.73038pt too wide) in paragraph at lines 1233--1233
 []\T1/pcr/m/n/12 Biologia:Masculino:17-19-Quimica:Femenino:17-19          -0.0
6102968[] 
 []


Overfull \hbox (63.73038pt too wide) in paragraph at lines 1233--1233
 []\T1/pcr/m/n/12 Matematicas:Masculino:17-19-Quimica:Femenino:17-19        6.3
1828341[] 
 []


Overfull \hbox (63.73038pt too wide) in paragraph at lines 1233--1233
 []\T1/pcr/m/n/12 Quimica:Masculino:17-19-Quimica:Femenino:17-19            3.0
4806785[] 
 []


Overfull \hbox (63.73038pt too wide) in paragraph at lines 1233--1233
 []\T1/pcr/m/n/12 Biologia:Femenino:20-22-Quimica:Femenino:17-19            2.4
1059266[] 
 []


Overfull \hbox (63.73038pt too wide) in paragraph at lines 1233--1233
 []\T1/pcr/m/n/12 Matematicas:Femenino:20-22-Quimica:Femenino:17-19         2.9
7809337[] 
 []


Overfull \hbox (63.73038pt too wide) in paragraph at lines 1233--1233
 []\T1/pcr/m/n/12 Quimica:Femenino:20-22-Quimica:Femenino:17-19             6.8
8152039[] 
 []


Overfull \hbox (63.73038pt too wide) in paragraph at lines 1233--1233
 []\T1/pcr/m/n/12 Biologia:Masculino:20-22-Quimica:Femenino:17-19           8.0
0374676[] 
 []


Overfull \hbox (63.73038pt too wide) in paragraph at lines 1233--1233
 []\T1/pcr/m/n/12 Matematicas:Masculino:20-22-Quimica:Femenino:17-19        4.4
5393566[] 
 []


Overfull \hbox (63.73038pt too wide) in paragraph at lines 1233--1233
 []\T1/pcr/m/n/12 Quimica:Masculino:20-22-Quimica:Femenino:17-19            3.5
3553374[] 
 []


Overfull \hbox (63.73038pt too wide) in paragraph at lines 1233--1233
 []\T1/pcr/m/n/12 Biologia:Femenino:23-31-Quimica:Femenino:17-19               
     NA[] 
 []


Overfull \hbox (63.73038pt too wide) in paragraph at lines 1233--1233
 []\T1/pcr/m/n/12 Matematicas:Femenino:23-31-Quimica:Femenino:17-19         8.9
9192520[] 
 []


Overfull \hbox (63.73038pt too wide) in paragraph at lines 1233--1233
 []\T1/pcr/m/n/12 Quimica:Femenino:23-31-Quimica:Femenino:17-19             1.7
7790563[] 
 []


Overfull \hbox (63.73038pt too wide) in paragraph at lines 1233--1233
 []\T1/pcr/m/n/12 Biologia:Masculino:23-31-Quimica:Femenino:17-19          17.0
7199810[] 
 []


Overfull \hbox (63.73038pt too wide) in paragraph at lines 1233--1233
 []\T1/pcr/m/n/12 Matematicas:Masculino:23-31-Quimica:Femenino:17-19        5.0
2092774[] 
 []


Overfull \hbox (63.73038pt too wide) in paragraph at lines 1233--1233
 []\T1/pcr/m/n/12 Quimica:Masculino:23-31-Quimica:Femenino:17-19            7.1
3969007[] 
 []


Overfull \hbox (63.73038pt too wide) in paragraph at lines 1233--1233
 []\T1/pcr/m/n/12 Matematicas:Masculino:17-19-Biologia:Masculino:17-19      6.3
7931309[] 
 []


Overfull \hbox (63.73038pt too wide) in paragraph at lines 1233--1233
 []\T1/pcr/m/n/12 Quimica:Masculino:17-19-Biologia:Masculino:17-19          3.1
0909753[] 
 []


Overfull \hbox (63.73038pt too wide) in paragraph at lines 1233--1233
 []\T1/pcr/m/n/12 Biologia:Femenino:20-22-Biologia:Masculino:17-19          2.4
7162234[] 
 []


Overfull \hbox (63.73038pt too wide) in paragraph at lines 1233--1233
 []\T1/pcr/m/n/12 Matematicas:Femenino:20-22-Biologia:Masculino:17-19       3.0
3912306[] 
 []


Overfull \hbox (63.73038pt too wide) in paragraph at lines 1233--1233
 []\T1/pcr/m/n/12 Quimica:Femenino:20-22-Biologia:Masculino:17-19           6.9
4255007[] 
 []


Overfull \hbox (63.73038pt too wide) in paragraph at lines 1233--1233
 []\T1/pcr/m/n/12 Biologia:Masculino:20-22-Biologia:Masculino:17-19         8.0
6477644[] 
 []


Overfull \hbox (63.73038pt too wide) in paragraph at lines 1233--1233
 []\T1/pcr/m/n/12 Matematicas:Masculino:20-22-Biologia:Masculino:17-19      4.5
1496534[] 
 []


Overfull \hbox (63.73038pt too wide) in paragraph at lines 1233--1233
 []\T1/pcr/m/n/12 Quimica:Masculino:20-22-Biologia:Masculino:17-19          3.5
9656342[] 
 []


Overfull \hbox (63.73038pt too wide) in paragraph at lines 1233--1233
 []\T1/pcr/m/n/12 Biologia:Femenino:23-31-Biologia:Masculino:17-19             
     NA[] 
 []


Overfull \hbox (63.73038pt too wide) in paragraph at lines 1233--1233
 []\T1/pcr/m/n/12 Matematicas:Femenino:23-31-Biologia:Masculino:17-19       9.0
5295488[] 
 []


Overfull \hbox (63.73038pt too wide) in paragraph at lines 1233--1233
 []\T1/pcr/m/n/12 Quimica:Femenino:23-31-Biologia:Masculino:17-19           1.8
3893531[] 
 []


Overfull \hbox (63.73038pt too wide) in paragraph at lines 1233--1233
 []\T1/pcr/m/n/12 Biologia:Masculino:23-31-Biologia:Masculino:17-19        17.1
3302778[] 
 []


Overfull \hbox (63.73038pt too wide) in paragraph at lines 1233--1233
 []\T1/pcr/m/n/12 Matematicas:Masculino:23-31-Biologia:Masculino:17-19      5.0
8195742[] 
 []


Overfull \hbox (63.73038pt too wide) in paragraph at lines 1233--1233
 []\T1/pcr/m/n/12 Quimica:Masculino:23-31-Biologia:Masculino:17-19          7.2
0071975[] 
 []

File: logos/udc.png Graphic file (type png)
<use logos/udc.png>
Package pdftex.def Info: logos/udc.png  used on input line 1233.
(pdftex.def)             Requested size: 117.74677pt x 51.49538pt.
LaTeX Info: Redefining \. on input line 1233.
LaTeX Info: Redefining \% on input line 1233.
[18]
Overfull \hbox (63.73038pt too wide) in paragraph at lines 1233--1233
 []\T1/pcr/m/n/12 Quimica:Masculino:17-19-Matematicas:Masculino:17-19      -3.2
7021556[] 
 []


Overfull \hbox (63.73038pt too wide) in paragraph at lines 1233--1233
 []\T1/pcr/m/n/12 Biologia:Femenino:20-22-Matematicas:Masculino:17-19      -3.9
0769075[] 
 []


Overfull \hbox (63.73038pt too wide) in paragraph at lines 1233--1233
 []\T1/pcr/m/n/12 Matematicas:Femenino:20-22-Matematicas:Masculino:17-19   -3.3
4019003[] 
 []


Overfull \hbox (63.73038pt too wide) in paragraph at lines 1233--1233
 []\T1/pcr/m/n/12 Quimica:Femenino:20-22-Matematicas:Masculino:17-19        0.5
6323699[] 
 []


Overfull \hbox (63.73038pt too wide) in paragraph at lines 1233--1233
 []\T1/pcr/m/n/12 Biologia:Masculino:20-22-Matematicas:Masculino:17-19      1.6
8546335[] 
 []


Overfull \hbox (63.73038pt too wide) in paragraph at lines 1233--1233
 []\T1/pcr/m/n/12 Matematicas:Masculino:20-22-Matematicas:Masculino:17-19  -1.8
6434775[] 
 []


Overfull \hbox (63.73038pt too wide) in paragraph at lines 1233--1233
 []\T1/pcr/m/n/12 Quimica:Masculino:20-22-Matematicas:Masculino:17-19      -2.7
8274967[] 
 []


Overfull \hbox (63.73038pt too wide) in paragraph at lines 1233--1233
 []\T1/pcr/m/n/12 Biologia:Femenino:23-31-Matematicas:Masculino:17-19          
     NA[] 
 []


Overfull \hbox (63.73038pt too wide) in paragraph at lines 1233--1233
 []\T1/pcr/m/n/12 Matematicas:Femenino:23-31-Matematicas:Masculino:17-19    2.6
7364180[] 
 []


Overfull \hbox (63.73038pt too wide) in paragraph at lines 1233--1233
 []\T1/pcr/m/n/12 Quimica:Femenino:23-31-Matematicas:Masculino:17-19       -4.5
4037778[] 
 []


Overfull \hbox (63.73038pt too wide) in paragraph at lines 1233--1233
 []\T1/pcr/m/n/12 Biologia:Masculino:23-31-Matematicas:Masculino:17-19     10.7
5371470[] 
 []


Overfull \hbox (63.73038pt too wide) in paragraph at lines 1233--1233
 []\T1/pcr/m/n/12 Matematicas:Masculino:23-31-Matematicas:Masculino:17-19  -1.2
9735567[] 
 []


Overfull \hbox (63.73038pt too wide) in paragraph at lines 1233--1233
 []\T1/pcr/m/n/12 Quimica:Masculino:23-31-Matematicas:Masculino:17-19       0.8
2140666[] 
 []


Overfull \hbox (63.73038pt too wide) in paragraph at lines 1233--1233
 []\T1/pcr/m/n/12 Biologia:Femenino:20-22-Quimica:Masculino:17-19          -0.6
3747518[] 
 []


Overfull \hbox (63.73038pt too wide) in paragraph at lines 1233--1233
 []\T1/pcr/m/n/12 Matematicas:Femenino:20-22-Quimica:Masculino:17-19       -0.0
6997447[] 
 []


Overfull \hbox (63.73038pt too wide) in paragraph at lines 1233--1233
 []\T1/pcr/m/n/12 Quimica:Femenino:20-22-Quimica:Masculino:17-19            3.8
3345255[] 
 []


Overfull \hbox (63.73038pt too wide) in paragraph at lines 1233--1233
 []\T1/pcr/m/n/12 Biologia:Masculino:20-22-Quimica:Masculino:17-19          4.9
5567891[] 
 []


Overfull \hbox (63.73038pt too wide) in paragraph at lines 1233--1233
 []\T1/pcr/m/n/12 Matematicas:Masculino:20-22-Quimica:Masculino:17-19       1.4
0586781[] 
 []


Overfull \hbox (63.73038pt too wide) in paragraph at lines 1233--1233
 []\T1/pcr/m/n/12 Quimica:Masculino:20-22-Quimica:Masculino:17-19           0.4
8746589[] 
 []


Overfull \hbox (63.73038pt too wide) in paragraph at lines 1233--1233
 []\T1/pcr/m/n/12 Biologia:Femenino:23-31-Quimica:Masculino:17-19              
     NA[] 
 []


Overfull \hbox (63.73038pt too wide) in paragraph at lines 1233--1233
 []\T1/pcr/m/n/12 Matematicas:Femenino:23-31-Quimica:Masculino:17-19        5.9
4385736[] 
 []


Overfull \hbox (63.73038pt too wide) in paragraph at lines 1233--1233
 []\T1/pcr/m/n/12 Quimica:Femenino:23-31-Quimica:Masculino:17-19           -1.2
7016222[] 
 []


Overfull \hbox (63.73038pt too wide) in paragraph at lines 1233--1233
 []\T1/pcr/m/n/12 Biologia:Masculino:23-31-Quimica:Masculino:17-19         14.0
2393026[] 
 []


Overfull \hbox (63.73038pt too wide) in paragraph at lines 1233--1233
 []\T1/pcr/m/n/12 Matematicas:Masculino:23-31-Quimica:Masculino:17-19       1.9
7285989[] 
 []


Overfull \hbox (63.73038pt too wide) in paragraph at lines 1233--1233
 []\T1/pcr/m/n/12 Quimica:Masculino:23-31-Quimica:Masculino:17-19           4.0
9162222[] 
 []


Overfull \hbox (63.73038pt too wide) in paragraph at lines 1233--1233
 []\T1/pcr/m/n/12 Matematicas:Femenino:20-22-Biologia:Femenino:20-22        0.5
6750071[] 
 []


Overfull \hbox (63.73038pt too wide) in paragraph at lines 1233--1233
 []\T1/pcr/m/n/12 Quimica:Femenino:20-22-Biologia:Femenino:20-22            4.4
7092773[] 
 []


Overfull \hbox (63.73038pt too wide) in paragraph at lines 1233--1233
 []\T1/pcr/m/n/12 Biologia:Masculino:20-22-Biologia:Femenino:20-22          5.5
9315409[] 
 []


Overfull \hbox (63.73038pt too wide) in paragraph at lines 1233--1233
 []\T1/pcr/m/n/12 Matematicas:Masculino:20-22-Biologia:Femenino:20-22       2.0
4334299[] 
 []


Overfull \hbox (63.73038pt too wide) in paragraph at lines 1233--1233
 []\T1/pcr/m/n/12 Quimica:Masculino:20-22-Biologia:Femenino:20-22           1.1
2494108[] 
 []


Overfull \hbox (63.73038pt too wide) in paragraph at lines 1233--1233
 []\T1/pcr/m/n/12 Biologia:Femenino:23-31-Biologia:Femenino:20-22              
     NA[] 
 []


Overfull \hbox (63.73038pt too wide) in paragraph at lines 1233--1233
 []\T1/pcr/m/n/12 Matematicas:Femenino:23-31-Biologia:Femenino:20-22        6.5
8133254[] 
 []


Overfull \hbox (63.73038pt too wide) in paragraph at lines 1233--1233
 []\T1/pcr/m/n/12 Quimica:Femenino:23-31-Biologia:Femenino:20-22           -0.6
3268703[] 
 []


Overfull \hbox (63.73038pt too wide) in paragraph at lines 1233--1233
 []\T1/pcr/m/n/12 Biologia:Masculino:23-31-Biologia:Femenino:20-22         14.6
6140544[] 
 []


Overfull \hbox (63.73038pt too wide) in paragraph at lines 1233--1233
 []\T1/pcr/m/n/12 Matematicas:Masculino:23-31-Biologia:Femenino:20-22       2.6
1033508[] 
 []


Overfull \hbox (63.73038pt too wide) in paragraph at lines 1233--1233
 []\T1/pcr/m/n/12 Quimica:Masculino:23-31-Biologia:Femenino:20-22           4.7
2909741[] 
 []


Overfull \hbox (63.73038pt too wide) in paragraph at lines 1233--1233
 []\T1/pcr/m/n/12 Quimica:Femenino:20-22-Matematicas:Femenino:20-22         3.9
0342702[] 
 []


Overfull \hbox (63.73038pt too wide) in paragraph at lines 1233--1233
 []\T1/pcr/m/n/12 Biologia:Masculino:20-22-Matematicas:Femenino:20-22       5.0
2565338[] 
 []


Overfull \hbox (63.73038pt too wide) in paragraph at lines 1233--1233
 []\T1/pcr/m/n/12 Matematicas:Masculino:20-22-Matematicas:Femenino:20-22    1.4
7584228[] 
 []


Overfull \hbox (63.73038pt too wide) in paragraph at lines 1233--1233
 []\T1/pcr/m/n/12 Quimica:Masculino:20-22-Matematicas:Femenino:20-22        0.5
5744036[] 
 []


Overfull \hbox (63.73038pt too wide) in paragraph at lines 1233--1233
 []\T1/pcr/m/n/12 Biologia:Femenino:23-31-Matematicas:Femenino:20-22           
     NA[] 
 []


Overfull \hbox (63.73038pt too wide) in paragraph at lines 1233--1233
 []\T1/pcr/m/n/12 Matematicas:Femenino:23-31-Matematicas:Femenino:20-22     6.0
1383183[] 
 []


Overfull \hbox (63.73038pt too wide) in paragraph at lines 1233--1233
 []\T1/pcr/m/n/12 Quimica:Femenino:23-31-Matematicas:Femenino:20-22        -1.2
0018775[] 
 []


Overfull \hbox (63.73038pt too wide) in paragraph at lines 1233--1233
 []\T1/pcr/m/n/12 Biologia:Masculino:23-31-Matematicas:Femenino:20-22      14.0
9390473[] 
 []


Overfull \hbox (63.73038pt too wide) in paragraph at lines 1233--1233
 []\T1/pcr/m/n/12 Matematicas:Masculino:23-31-Matematicas:Femenino:20-22    2.0
4283436[] 
 []


Overfull \hbox (63.73038pt too wide) in paragraph at lines 1233--1233
 []\T1/pcr/m/n/12 Quimica:Masculino:23-31-Matematicas:Femenino:20-22        4.1
6159669[] 
 []


Overfull \hbox (63.73038pt too wide) in paragraph at lines 1233--1233
 []\T1/pcr/m/n/12 Biologia:Masculino:20-22-Quimica:Femenino:20-22           1.1
2222636[] 
 []

File: logos/udc.png Graphic file (type png)
<use logos/udc.png>
Package pdftex.def Info: logos/udc.png  used on input line 1233.
(pdftex.def)             Requested size: 117.74677pt x 51.49538pt.
LaTeX Info: Redefining \. on input line 1233.
LaTeX Info: Redefining \% on input line 1233.
[19]
Overfull \hbox (63.73038pt too wide) in paragraph at lines 1233--1233
 []\T1/pcr/m/n/12 Matematicas:Masculino:20-22-Quimica:Femenino:20-22       -2.4
2758474[] 
 []


Overfull \hbox (63.73038pt too wide) in paragraph at lines 1233--1233
 []\T1/pcr/m/n/12 Quimica:Masculino:20-22-Quimica:Femenino:20-22           -3.3
4598665[] 
 []


Overfull \hbox (63.73038pt too wide) in paragraph at lines 1233--1233
 []\T1/pcr/m/n/12 Biologia:Femenino:23-31-Quimica:Femenino:20-22               
     NA[] 
 []


Overfull \hbox (63.73038pt too wide) in paragraph at lines 1233--1233
 []\T1/pcr/m/n/12 Matematicas:Femenino:23-31-Quimica:Femenino:20-22         2.1
1040481[] 
 []


Overfull \hbox (63.73038pt too wide) in paragraph at lines 1233--1233
 []\T1/pcr/m/n/12 Quimica:Femenino:23-31-Quimica:Femenino:20-22            -5.1
0361476[] 
 []


Overfull \hbox (63.73038pt too wide) in paragraph at lines 1233--1233
 []\T1/pcr/m/n/12 Biologia:Masculino:23-31-Quimica:Femenino:20-22          10.1
9047771[] 
 []


Overfull \hbox (63.73038pt too wide) in paragraph at lines 1233--1233
 []\T1/pcr/m/n/12 Matematicas:Masculino:23-31-Quimica:Femenino:20-22       -1.8
6059266[] 
 []


Overfull \hbox (63.73038pt too wide) in paragraph at lines 1233--1233
 []\T1/pcr/m/n/12 Quimica:Masculino:23-31-Quimica:Femenino:20-22            0.2
5816967[] 
 []


Overfull \hbox (63.73038pt too wide) in paragraph at lines 1233--1233
 []\T1/pcr/m/n/12 Matematicas:Masculino:20-22-Biologia:Masculino:20-22     -3.5
4981110[] 
 []


Overfull \hbox (63.73038pt too wide) in paragraph at lines 1233--1233
 []\T1/pcr/m/n/12 Quimica:Masculino:20-22-Biologia:Masculino:20-22         -4.4
6821302[] 
 []


Overfull \hbox (63.73038pt too wide) in paragraph at lines 1233--1233
 []\T1/pcr/m/n/12 Biologia:Femenino:23-31-Biologia:Masculino:20-22             
     NA[] 
 []


Overfull \hbox (63.73038pt too wide) in paragraph at lines 1233--1233
 []\T1/pcr/m/n/12 Matematicas:Femenino:23-31-Biologia:Masculino:20-22       0.9
8817845[] 
 []


Overfull \hbox (63.73038pt too wide) in paragraph at lines 1233--1233
 []\T1/pcr/m/n/12 Quimica:Femenino:23-31-Biologia:Masculino:20-22          -6.2
2584113[] 
 []


Overfull \hbox (63.73038pt too wide) in paragraph at lines 1233--1233
 []\T1/pcr/m/n/12 Biologia:Masculino:23-31-Biologia:Masculino:20-22         9.0
6825135[] 
 []


Overfull \hbox (63.73038pt too wide) in paragraph at lines 1233--1233
 []\T1/pcr/m/n/12 Matematicas:Masculino:23-31-Biologia:Masculino:20-22     -2.9
8281902[] 
 []


Overfull \hbox (63.73038pt too wide) in paragraph at lines 1233--1233
 []\T1/pcr/m/n/12 Quimica:Masculino:23-31-Biologia:Masculino:20-22         -0.8
6405669[] 
 []


Overfull \hbox (63.73038pt too wide) in paragraph at lines 1233--1233
 []\T1/pcr/m/n/12 Quimica:Masculino:20-22-Matematicas:Masculino:20-22      -0.9
1840192[] 
 []


Overfull \hbox (63.73038pt too wide) in paragraph at lines 1233--1233
 []\T1/pcr/m/n/12 Biologia:Femenino:23-31-Matematicas:Masculino:20-22          
     NA[] 
 []


Overfull \hbox (63.73038pt too wide) in paragraph at lines 1233--1233
 []\T1/pcr/m/n/12 Matematicas:Femenino:23-31-Matematicas:Masculino:20-22    4.5
3798955[] 
 []


Overfull \hbox (63.73038pt too wide) in paragraph at lines 1233--1233
 []\T1/pcr/m/n/12 Quimica:Femenino:23-31-Matematicas:Masculino:20-22       -2.6
7603003[] 
 []


Overfull \hbox (63.73038pt too wide) in paragraph at lines 1233--1233
 []\T1/pcr/m/n/12 Biologia:Masculino:23-31-Matematicas:Masculino:20-22     12.6
1806245[] 
 []


Overfull \hbox (63.73038pt too wide) in paragraph at lines 1233--1233
 []\T1/pcr/m/n/12 Matematicas:Masculino:23-31-Matematicas:Masculino:20-22   0.5
6699208[] 
 []


Overfull \hbox (63.73038pt too wide) in paragraph at lines 1233--1233
 []\T1/pcr/m/n/12 Quimica:Masculino:23-31-Matematicas:Masculino:20-22       2.6
8575441[] 
 []


Overfull \hbox (63.73038pt too wide) in paragraph at lines 1233--1233
 []\T1/pcr/m/n/12 Biologia:Femenino:23-31-Quimica:Masculino:20-22              
     NA[] 
 []


Overfull \hbox (63.73038pt too wide) in paragraph at lines 1233--1233
 []\T1/pcr/m/n/12 Matematicas:Femenino:23-31-Quimica:Masculino:20-22        5.4
5639147[] 
 []


Overfull \hbox (63.73038pt too wide) in paragraph at lines 1233--1233
 []\T1/pcr/m/n/12 Quimica:Femenino:23-31-Quimica:Masculino:20-22           -1.7
5762811[] 
 []


Overfull \hbox (63.73038pt too wide) in paragraph at lines 1233--1233
 []\T1/pcr/m/n/12 Biologia:Masculino:23-31-Quimica:Masculino:20-22         13.5
3646436[] 
 []


Overfull \hbox (63.73038pt too wide) in paragraph at lines 1233--1233
 []\T1/pcr/m/n/12 Matematicas:Masculino:23-31-Quimica:Masculino:20-22       1.4
8539400[] 
 []


Overfull \hbox (63.73038pt too wide) in paragraph at lines 1233--1233
 []\T1/pcr/m/n/12 Quimica:Masculino:23-31-Quimica:Masculino:20-22           3.6
0415633[] 
 []


Overfull \hbox (63.73038pt too wide) in paragraph at lines 1233--1233
 []\T1/pcr/m/n/12 Matematicas:Femenino:23-31-Biologia:Femenino:23-31           
     NA[] 
 []


Overfull \hbox (63.73038pt too wide) in paragraph at lines 1233--1233
 []\T1/pcr/m/n/12 Quimica:Femenino:23-31-Biologia:Femenino:23-31               
     NA[] 
 []


Overfull \hbox (63.73038pt too wide) in paragraph at lines 1233--1233
 []\T1/pcr/m/n/12 Biologia:Masculino:23-31-Biologia:Femenino:23-31             
     NA[] 
 []


Overfull \hbox (63.73038pt too wide) in paragraph at lines 1233--1233
 []\T1/pcr/m/n/12 Matematicas:Masculino:23-31-Biologia:Femenino:23-31          
     NA[] 
 []


Overfull \hbox (63.73038pt too wide) in paragraph at lines 1233--1233
 []\T1/pcr/m/n/12 Quimica:Masculino:23-31-Biologia:Femenino:23-31              
     NA[] 
 []


Overfull \hbox (63.73038pt too wide) in paragraph at lines 1233--1233
 []\T1/pcr/m/n/12 Quimica:Femenino:23-31-Matematicas:Femenino:23-31        -7.2
1401958[] 
 []


Overfull \hbox (63.73038pt too wide) in paragraph at lines 1233--1233
 []\T1/pcr/m/n/12 Biologia:Masculino:23-31-Matematicas:Femenino:23-31       8.0
8007290[] 
 []


Overfull \hbox (63.73038pt too wide) in paragraph at lines 1233--1233
 []\T1/pcr/m/n/12 Matematicas:Masculino:23-31-Matematicas:Femenino:23-31   -3.9
7099747[] 
 []


Overfull \hbox (63.73038pt too wide) in paragraph at lines 1233--1233
 []\T1/pcr/m/n/12 Quimica:Masculino:23-31-Matematicas:Femenino:23-31       -1.8
5223514[] 
 []


Overfull \hbox (63.73038pt too wide) in paragraph at lines 1233--1233
 []\T1/pcr/m/n/12 Biologia:Masculino:23-31-Quimica:Femenino:23-31          15.2
9409247[] 
 []


Overfull \hbox (63.73038pt too wide) in paragraph at lines 1233--1233
 []\T1/pcr/m/n/12 Matematicas:Masculino:23-31-Quimica:Femenino:23-31        3.2
4302211[] 
 []


Overfull \hbox (63.73038pt too wide) in paragraph at lines 1233--1233
 []\T1/pcr/m/n/12 Quimica:Masculino:23-31-Quimica:Femenino:23-31            5.3
6178444[] 
 []


Overfull \hbox (63.73038pt too wide) in paragraph at lines 1233--1233
 []\T1/pcr/m/n/12 Matematicas:Masculino:23-31-Biologia:Masculino:23-31    -12.0
5107037[] 
 []


Overfull \hbox (63.73038pt too wide) in paragraph at lines 1233--1233
 []\T1/pcr/m/n/12 Quimica:Masculino:23-31-Biologia:Masculino:23-31         -9.9
3230804[] 
 []


Overfull \hbox (63.73038pt too wide) in paragraph at lines 1233--1233
 []\T1/pcr/m/n/12 Quimica:Masculino:23-31-Matematicas:Masculino:23-31       2.1
1876233[] 
 []


Overfull \hbox (56.53038pt too wide) in paragraph at lines 1233--1233
 []                                                                \T1/pcr/m/n/
12 lwr[] 
 []


Overfull \hbox (56.53038pt too wide) in paragraph at lines 1233--1233
 []\T1/pcr/m/n/12 Matematicas:Femenino:17-19-Biologia:Femenino:17-19      -17.2
671101[] 
 []


Overfull \hbox (56.53038pt too wide) in paragraph at lines 1233--1233
 []\T1/pcr/m/n/12 Quimica:Femenino:17-19-Biologia:Femenino:17-19          -11.2
151917[] 
 []

File: logos/udc.png Graphic file (type png)
<use logos/udc.png>
Package pdftex.def Info: logos/udc.png  used on input line 1233.
(pdftex.def)             Requested size: 117.74677pt x 51.49538pt.
LaTeX Info: Redefining \. on input line 1233.
LaTeX Info: Redefining \% on input line 1233.
[20]
Overfull \hbox (56.53038pt too wide) in paragraph at lines 1233--1233
 []\T1/pcr/m/n/12 Biologia:Masculino:17-19-Biologia:Femenino:17-19         -9.4
860086[] 
 []


Overfull \hbox (56.53038pt too wide) in paragraph at lines 1233--1233
 []\T1/pcr/m/n/12 Matematicas:Masculino:17-19-Biologia:Femenino:17-19     -10.0
433105[] 
 []


Overfull \hbox (56.53038pt too wide) in paragraph at lines 1233--1233
 []\T1/pcr/m/n/12 Quimica:Masculino:17-19-Biologia:Femenino:17-19         -13.3
135260[] 
 []


Overfull \hbox (56.53038pt too wide) in paragraph at lines 1233--1233
 []\T1/pcr/m/n/12 Biologia:Femenino:20-22-Biologia:Femenino:17-19          -7.9
545899[] 
 []


Overfull \hbox (56.53038pt too wide) in paragraph at lines 1233--1233
 []\T1/pcr/m/n/12 Matematicas:Femenino:20-22-Biologia:Femenino:17-19       -6.4
468855[] 
 []


Overfull \hbox (56.53038pt too wide) in paragraph at lines 1233--1233
 []\T1/pcr/m/n/12 Quimica:Femenino:20-22-Biologia:Femenino:17-19           -5.8
428905[] 
 []


Overfull \hbox (56.53038pt too wide) in paragraph at lines 1233--1233
 []\T1/pcr/m/n/12 Biologia:Masculino:20-22-Biologia:Femenino:17-19         -4.7
206641[] 
 []


Overfull \hbox (56.53038pt too wide) in paragraph at lines 1233--1233
 []\T1/pcr/m/n/12 Matematicas:Masculino:20-22-Biologia:Femenino:17-19      -4.4
565841[] 
 []


Overfull \hbox (56.53038pt too wide) in paragraph at lines 1233--1233
 []\T1/pcr/m/n/12 Quimica:Masculino:20-22-Biologia:Femenino:17-19          -5.5
996918[] 
 []


Overfull \hbox (56.53038pt too wide) in paragraph at lines 1233--1233
 []\T1/pcr/m/n/12 Biologia:Femenino:23-31-Biologia:Femenino:17-19              
    NA[] 
 []


Overfull \hbox (56.53038pt too wide) in paragraph at lines 1233--1233
 []\T1/pcr/m/n/12 Matematicas:Femenino:23-31-Biologia:Femenino:17-19       -2.2
232665[] 
 []


Overfull \hbox (56.53038pt too wide) in paragraph at lines 1233--1233
 []\T1/pcr/m/n/12 Quimica:Femenino:23-31-Biologia:Femenino:17-19           -8.0
358618[] 
 []


Overfull \hbox (56.53038pt too wide) in paragraph at lines 1233--1233
 []\T1/pcr/m/n/12 Biologia:Masculino:23-31-Biologia:Femenino:17-19          4.3
475872[] 
 []


Overfull \hbox (56.53038pt too wide) in paragraph at lines 1233--1233
 []\T1/pcr/m/n/12 Matematicas:Masculino:23-31-Biologia:Femenino:17-19     -11.3
406662[] 
 []


Overfull \hbox (56.53038pt too wide) in paragraph at lines 1233--1233
 []\T1/pcr/m/n/12 Quimica:Masculino:23-31-Biologia:Femenino:17-19          -5.5
847208[] 
 []


Overfull \hbox (56.53038pt too wide) in paragraph at lines 1233--1233
 []\T1/pcr/m/n/12 Quimica:Femenino:17-19-Matematicas:Femenino:17-19       -15.0
255504[] 
 []


Overfull \hbox (56.53038pt too wide) in paragraph at lines 1233--1233
 []\T1/pcr/m/n/12 Biologia:Masculino:17-19-Matematicas:Femenino:17-19     -14.0
576617[] 
 []


Overfull \hbox (56.53038pt too wide) in paragraph at lines 1233--1233
 []\T1/pcr/m/n/12 Matematicas:Masculino:17-19-Matematicas:Femenino:17-19  -12.2
876925[] 
 []


Overfull \hbox (56.53038pt too wide) in paragraph at lines 1233--1233
 []\T1/pcr/m/n/12 Quimica:Masculino:17-19-Matematicas:Femenino:17-19      -15.5
579081[] 
 []


Overfull \hbox (56.53038pt too wide) in paragraph at lines 1233--1233
 []\T1/pcr/m/n/12 Biologia:Femenino:20-22-Matematicas:Femenino:17-19      -12.1
090801[] 
 []


Overfull \hbox (56.53038pt too wide) in paragraph at lines 1233--1233
 []\T1/pcr/m/n/12 Matematicas:Femenino:20-22-Matematicas:Femenino:17-19   -11.0
185387[] 
 []


Overfull \hbox (56.53038pt too wide) in paragraph at lines 1233--1233
 []\T1/pcr/m/n/12 Quimica:Femenino:20-22-Matematicas:Femenino:17-19        -9.1
104113[] 
 []


Overfull \hbox (56.53038pt too wide) in paragraph at lines 1233--1233
 []\T1/pcr/m/n/12 Biologia:Masculino:20-22-Matematicas:Femenino:17-19      -7.9
881849[] 
 []


Overfull \hbox (56.53038pt too wide) in paragraph at lines 1233--1233
 []\T1/pcr/m/n/12 Matematicas:Masculino:20-22-Matematicas:Femenino:17-19   -9.2
741672[] 
 []


Overfull \hbox (56.53038pt too wide) in paragraph at lines 1233--1233
 []\T1/pcr/m/n/12 Quimica:Masculino:20-22-Matematicas:Femenino:17-19      -10.3
082517[] 
 []


Overfull \hbox (56.53038pt too wide) in paragraph at lines 1233--1233
 []\T1/pcr/m/n/12 Biologia:Femenino:23-31-Matematicas:Femenino:17-19           
    NA[] 
 []


Overfull \hbox (56.53038pt too wide) in paragraph at lines 1233--1233
 []\T1/pcr/m/n/12 Matematicas:Femenino:23-31-Matematicas:Femenino:17-19    -6.0
336252[] 
 []


Overfull \hbox (56.53038pt too wide) in paragraph at lines 1233--1233
 []\T1/pcr/m/n/12 Quimica:Femenino:23-31-Matematicas:Femenino:17-19       -12.4
301150[] 
 []


Overfull \hbox (56.53038pt too wide) in paragraph at lines 1233--1233
 []\T1/pcr/m/n/12 Biologia:Masculino:23-31-Matematicas:Femenino:17-19       1.0
800664[] 
 []


Overfull \hbox (56.53038pt too wide) in paragraph at lines 1233--1233
 []\T1/pcr/m/n/12 Matematicas:Masculino:23-31-Matematicas:Femenino:17-19  -13.5
850482[] 
 []


Overfull \hbox (56.53038pt too wide) in paragraph at lines 1233--1233
 []\T1/pcr/m/n/12 Quimica:Masculino:23-31-Matematicas:Femenino:17-19       -8.8
522416[] 
 []


Overfull \hbox (56.53038pt too wide) in paragraph at lines 1233--1233
 []\T1/pcr/m/n/12 Biologia:Masculino:17-19-Quimica:Femenino:17-19          -9.8
167758[] 
 []


Overfull \hbox (56.53038pt too wide) in paragraph at lines 1233--1233
 []\T1/pcr/m/n/12 Matematicas:Masculino:17-19-Quimica:Femenino:17-19       -9.6
127832[] 
 []


Overfull \hbox (56.53038pt too wide) in paragraph at lines 1233--1233
 []\T1/pcr/m/n/12 Quimica:Masculino:17-19-Quimica:Femenino:17-19          -12.8
829988[] 
 []


Overfull \hbox (56.53038pt too wide) in paragraph at lines 1233--1233
 []\T1/pcr/m/n/12 Biologia:Femenino:20-22-Quimica:Femenino:17-19           -8.1
268175[] 
 []


Overfull \hbox (56.53038pt too wide) in paragraph at lines 1233--1233
 []\T1/pcr/m/n/12 Matematicas:Femenino:20-22-Quimica:Femenino:17-19        -6.7
776527[] 
 []


Overfull \hbox (56.53038pt too wide) in paragraph at lines 1233--1233
 []\T1/pcr/m/n/12 Quimica:Femenino:20-22-Quimica:Femenino:17-19            -5.7
130936[] 
 []


Overfull \hbox (56.53038pt too wide) in paragraph at lines 1233--1233
 []\T1/pcr/m/n/12 Biologia:Masculino:20-22-Quimica:Femenino:17-19          -4.5
908673[] 
 []


Overfull \hbox (56.53038pt too wide) in paragraph at lines 1233--1233
 []\T1/pcr/m/n/12 Matematicas:Masculino:20-22-Quimica:Femenino:17-19       -4.8
864801[] 
 []


Overfull \hbox (56.53038pt too wide) in paragraph at lines 1233--1233
 []\T1/pcr/m/n/12 Quimica:Masculino:20-22-Quimica:Femenino:17-19           -5.9
850996[] 
 []


Overfull \hbox (56.53038pt too wide) in paragraph at lines 1233--1233
 []\T1/pcr/m/n/12 Biologia:Femenino:23-31-Quimica:Femenino:17-19               
    NA[] 
 []


Overfull \hbox (56.53038pt too wide) in paragraph at lines 1233--1233
 []\T1/pcr/m/n/12 Matematicas:Femenino:23-31-Quimica:Femenino:17-19        -2.2
730401[] 
 []


Overfull \hbox (56.53038pt too wide) in paragraph at lines 1233--1233
 []\T1/pcr/m/n/12 Quimica:Femenino:23-31-Quimica:Femenino:17-19            -8.2
977856[] 
 []


Overfull \hbox (56.53038pt too wide) in paragraph at lines 1233--1233
 []\T1/pcr/m/n/12 Biologia:Masculino:23-31-Quimica:Femenino:17-19           4.4
773841[] 
 []


Overfull \hbox (56.53038pt too wide) in paragraph at lines 1233--1233
 []\T1/pcr/m/n/12 Matematicas:Masculino:23-31-Quimica:Femenino:17-19      -10.9
101389[] 
 []


Overfull \hbox (56.53038pt too wide) in paragraph at lines 1233--1233
 []\T1/pcr/m/n/12 Quimica:Masculino:23-31-Quimica:Femenino:17-19           -5.4
549240[] 
 []


Overfull \hbox (56.53038pt too wide) in paragraph at lines 1233--1233
 []\T1/pcr/m/n/12 Matematicas:Masculino:17-19-Biologia:Masculino:17-19     -8.5
228352[] 
 []

File: logos/udc.png Graphic file (type png)
<use logos/udc.png>
Package pdftex.def Info: logos/udc.png  used on input line 1233.
(pdftex.def)             Requested size: 117.74677pt x 51.49538pt.
LaTeX Info: Redefining \. on input line 1233.
LaTeX Info: Redefining \% on input line 1233.
[21]
Overfull \hbox (56.53038pt too wide) in paragraph at lines 1233--1233
 []\T1/pcr/m/n/12 Quimica:Masculino:17-19-Biologia:Masculino:17-19        -11.7
930508[] 
 []


Overfull \hbox (56.53038pt too wide) in paragraph at lines 1233--1233
 []\T1/pcr/m/n/12 Biologia:Femenino:20-22-Biologia:Masculino:17-19         -6.4
341147[] 
 []


Overfull \hbox (56.53038pt too wide) in paragraph at lines 1233--1233
 []\T1/pcr/m/n/12 Matematicas:Femenino:20-22-Biologia:Masculino:17-19      -4.9
264103[] 
 []


Overfull \hbox (56.53038pt too wide) in paragraph at lines 1233--1233
 []\T1/pcr/m/n/12 Quimica:Femenino:20-22-Biologia:Masculino:17-19          -4.3
224152[] 
 []


Overfull \hbox (56.53038pt too wide) in paragraph at lines 1233--1233
 []\T1/pcr/m/n/12 Biologia:Masculino:20-22-Biologia:Masculino:17-19        -3.2
001888[] 
 []


Overfull \hbox (56.53038pt too wide) in paragraph at lines 1233--1233
 []\T1/pcr/m/n/12 Matematicas:Masculino:20-22-Biologia:Masculino:17-19     -2.9
361088[] 
 []


Overfull \hbox (56.53038pt too wide) in paragraph at lines 1233--1233
 []\T1/pcr/m/n/12 Quimica:Masculino:20-22-Biologia:Masculino:17-19         -4.0
792166[] 
 []


Overfull \hbox (56.53038pt too wide) in paragraph at lines 1233--1233
 []\T1/pcr/m/n/12 Biologia:Femenino:23-31-Biologia:Masculino:17-19             
    NA[] 
 []


Overfull \hbox (56.53038pt too wide) in paragraph at lines 1233--1233
 []\T1/pcr/m/n/12 Matematicas:Femenino:23-31-Biologia:Masculino:17-19      -0.7
027912[] 
 []


Overfull \hbox (56.53038pt too wide) in paragraph at lines 1233--1233
 []\T1/pcr/m/n/12 Quimica:Femenino:23-31-Biologia:Masculino:17-19          -6.5
153865[] 
 []


Overfull \hbox (56.53038pt too wide) in paragraph at lines 1233--1233
 []\T1/pcr/m/n/12 Biologia:Masculino:23-31-Biologia:Masculino:17-19         5.8
680625[] 
 []


Overfull \hbox (56.53038pt too wide) in paragraph at lines 1233--1233
 []\T1/pcr/m/n/12 Matematicas:Masculino:23-31-Biologia:Masculino:17-19     -9.8
201909[] 
 []


Overfull \hbox (56.53038pt too wide) in paragraph at lines 1233--1233
 []\T1/pcr/m/n/12 Quimica:Masculino:23-31-Biologia:Masculino:17-19         -4.0
642455[] 
 []


Overfull \hbox (56.53038pt too wide) in paragraph at lines 1233--1233
 []\T1/pcr/m/n/12 Quimica:Masculino:17-19-Matematicas:Masculino:17-19     -22.7
817077[] 
 []


Overfull \hbox (56.53038pt too wide) in paragraph at lines 1233--1233
 []\T1/pcr/m/n/12 Biologia:Femenino:20-22-Matematicas:Masculino:17-19     -19.3
328797[] 
 []


Overfull \hbox (56.53038pt too wide) in paragraph at lines 1233--1233
 []\T1/pcr/m/n/12 Matematicas:Femenino:20-22-Matematicas:Masculino:17-19  -18.2
423383[] 
 []


Overfull \hbox (56.53038pt too wide) in paragraph at lines 1233--1233
 []\T1/pcr/m/n/12 Quimica:Femenino:20-22-Matematicas:Masculino:17-19      -16.3
342109[] 
 []


Overfull \hbox (56.53038pt too wide) in paragraph at lines 1233--1233
 []\T1/pcr/m/n/12 Biologia:Masculino:20-22-Matematicas:Masculino:17-19    -15.2
119845[] 
 []


Overfull \hbox (56.53038pt too wide) in paragraph at lines 1233--1233
 []\T1/pcr/m/n/12 Matematicas:Masculino:20-22-Matematicas:Masculino:17-19 -16.4
979669[] 
 []


Overfull \hbox (56.53038pt too wide) in paragraph at lines 1233--1233
 []\T1/pcr/m/n/12 Quimica:Masculino:20-22-Matematicas:Masculino:17-19     -17.5
320514[] 
 []


Overfull \hbox (56.53038pt too wide) in paragraph at lines 1233--1233
 []\T1/pcr/m/n/12 Biologia:Femenino:23-31-Matematicas:Masculino:17-19          
    NA[] 
 []


Overfull \hbox (56.53038pt too wide) in paragraph at lines 1233--1233
 []\T1/pcr/m/n/12 Matematicas:Femenino:23-31-Matematicas:Masculino:17-19  -13.2
574249[] 
 []


Overfull \hbox (56.53038pt too wide) in paragraph at lines 1233--1233
 []\T1/pcr/m/n/12 Quimica:Femenino:23-31-Matematicas:Masculino:17-19      -19.6
539146[] 
 []


Overfull \hbox (56.53038pt too wide) in paragraph at lines 1233--1233
 []\T1/pcr/m/n/12 Biologia:Masculino:23-31-Matematicas:Masculino:17-19     -6.1
437332[] 
 []


Overfull \hbox (56.53038pt too wide) in paragraph at lines 1233--1233
 []\T1/pcr/m/n/12 Matematicas:Masculino:23-31-Matematicas:Masculino:17-19 -20.8
088478[] 
 []


Overfull \hbox (56.53038pt too wide) in paragraph at lines 1233--1233
 []\T1/pcr/m/n/12 Quimica:Masculino:23-31-Matematicas:Masculino:17-19     -16.0
760412[] 
 []


Overfull \hbox (56.53038pt too wide) in paragraph at lines 1233--1233
 []\T1/pcr/m/n/12 Biologia:Femenino:20-22-Quimica:Masculino:17-19         -16.0
626641[] 
 []


Overfull \hbox (56.53038pt too wide) in paragraph at lines 1233--1233
 []\T1/pcr/m/n/12 Matematicas:Femenino:20-22-Quimica:Masculino:17-19      -14.9
721228[] 
 []


Overfull \hbox (56.53038pt too wide) in paragraph at lines 1233--1233
 []\T1/pcr/m/n/12 Quimica:Femenino:20-22-Quimica:Masculino:17-19          -13.0
639953[] 
 []


Overfull \hbox (56.53038pt too wide) in paragraph at lines 1233--1233
 []\T1/pcr/m/n/12 Biologia:Masculino:20-22-Quimica:Masculino:17-19        -11.9
417690[] 
 []


Overfull \hbox (56.53038pt too wide) in paragraph at lines 1233--1233
 []\T1/pcr/m/n/12 Matematicas:Masculino:20-22-Quimica:Masculino:17-19     -13.2
277513[] 
 []


Overfull \hbox (56.53038pt too wide) in paragraph at lines 1233--1233
 []\T1/pcr/m/n/12 Quimica:Masculino:20-22-Quimica:Masculino:17-19         -14.2
618358[] 
 []


Overfull \hbox (56.53038pt too wide) in paragraph at lines 1233--1233
 []\T1/pcr/m/n/12 Biologia:Femenino:23-31-Quimica:Masculino:17-19              
    NA[] 
 []


Overfull \hbox (56.53038pt too wide) in paragraph at lines 1233--1233
 []\T1/pcr/m/n/12 Matematicas:Femenino:23-31-Quimica:Masculino:17-19       -9.9
872093[] 
 []


Overfull \hbox (56.53038pt too wide) in paragraph at lines 1233--1233
 []\T1/pcr/m/n/12 Quimica:Femenino:23-31-Quimica:Masculino:17-19          -16.3
836991[] 
 []


Overfull \hbox (56.53038pt too wide) in paragraph at lines 1233--1233
 []\T1/pcr/m/n/12 Biologia:Masculino:23-31-Quimica:Masculino:17-19         -2.8
735176[] 
 []


Overfull \hbox (56.53038pt too wide) in paragraph at lines 1233--1233
 []\T1/pcr/m/n/12 Matematicas:Masculino:23-31-Quimica:Masculino:17-19     -17.5
386323[] 
 []


Overfull \hbox (56.53038pt too wide) in paragraph at lines 1233--1233
 []\T1/pcr/m/n/12 Quimica:Masculino:23-31-Quimica:Masculino:17-19         -12.8
058257[] 
 []


Overfull \hbox (56.53038pt too wide) in paragraph at lines 1233--1233
 []\T1/pcr/m/n/12 Matematicas:Femenino:20-22-Biologia:Femenino:20-22       -8.3
382363[] 
 []


Overfull \hbox (56.53038pt too wide) in paragraph at lines 1233--1233
 []\T1/pcr/m/n/12 Quimica:Femenino:20-22-Biologia:Femenino:20-22           -7.4
773723[] 
 []


Overfull \hbox (56.53038pt too wide) in paragraph at lines 1233--1233
 []\T1/pcr/m/n/12 Biologia:Masculino:20-22-Biologia:Femenino:20-22         -6.3
551459[] 
 []


Overfull \hbox (56.53038pt too wide) in paragraph at lines 1233--1233
 []\T1/pcr/m/n/12 Matematicas:Masculino:20-22-Biologia:Femenino:20-22      -6.4
053810[] 
 []


Overfull \hbox (56.53038pt too wide) in paragraph at lines 1233--1233
 []\T1/pcr/m/n/12 Quimica:Masculino:20-22-Biologia:Femenino:20-22          -7.5
226036[] 
 []


Overfull \hbox (56.53038pt too wide) in paragraph at lines 1233--1233
 []\T1/pcr/m/n/12 Biologia:Femenino:23-31-Biologia:Femenino:20-22              
    NA[] 
 []


Overfull \hbox (56.53038pt too wide) in paragraph at lines 1233--1233
 []\T1/pcr/m/n/12 Matematicas:Femenino:23-31-Biologia:Femenino:20-22       -3.9
560776[] 
 []


Overfull \hbox (56.53038pt too wide) in paragraph at lines 1233--1233
 []\T1/pcr/m/n/12 Quimica:Femenino:23-31-Biologia:Femenino:20-22           -9.8
878004[] 
 []


Overfull \hbox (56.53038pt too wide) in paragraph at lines 1233--1233
 []\T1/pcr/m/n/12 Biologia:Masculino:23-31-Biologia:Femenino:20-22          2.7
131055[] 
 []

File: logos/udc.png Graphic file (type png)
<use logos/udc.png>
Package pdftex.def Info: logos/udc.png  used on input line 1233.
(pdftex.def)             Requested size: 117.74677pt x 51.49538pt.
LaTeX Info: Redefining \. on input line 1233.
LaTeX Info: Redefining \% on input line 1233.
[22]
Overfull \hbox (56.53038pt too wide) in paragraph at lines 1233--1233
 []\T1/pcr/m/n/12 Matematicas:Masculino:23-31-Biologia:Femenino:20-22     -12.8
148539[] 
 []


Overfull \hbox (56.53038pt too wide) in paragraph at lines 1233--1233
 []\T1/pcr/m/n/12 Quimica:Masculino:23-31-Biologia:Femenino:20-22          -7.2
192026[] 
 []


Overfull \hbox (56.53038pt too wide) in paragraph at lines 1233--1233
 []\T1/pcr/m/n/12 Quimica:Femenino:20-22-Matematicas:Femenino:20-22        -7.3
615382[] 
 []


Overfull \hbox (56.53038pt too wide) in paragraph at lines 1233--1233
 []\T1/pcr/m/n/12 Biologia:Masculino:20-22-Matematicas:Femenino:20-22      -6.2
393119[] 
 []


Overfull \hbox (56.53038pt too wide) in paragraph at lines 1233--1233
 []\T1/pcr/m/n/12 Matematicas:Masculino:20-22-Matematicas:Femenino:20-22   -5.9
752319[] 
 []


Overfull \hbox (56.53038pt too wide) in paragraph at lines 1233--1233
 []\T1/pcr/m/n/12 Quimica:Masculino:20-22-Matematicas:Femenino:20-22       -7.1
183396[] 
 []


Overfull \hbox (56.53038pt too wide) in paragraph at lines 1233--1233
 []\T1/pcr/m/n/12 Biologia:Femenino:23-31-Matematicas:Femenino:20-22           
    NA[] 
 []


Overfull \hbox (56.53038pt too wide) in paragraph at lines 1233--1233
 []\T1/pcr/m/n/12 Matematicas:Femenino:23-31-Matematicas:Femenino:20-22    -3.7
419143[] 
 []


Overfull \hbox (56.53038pt too wide) in paragraph at lines 1233--1233
 []\T1/pcr/m/n/12 Quimica:Femenino:23-31-Matematicas:Femenino:20-22        -9.5
545096[] 
 []


Overfull \hbox (56.53038pt too wide) in paragraph at lines 1233--1233
 []\T1/pcr/m/n/12 Biologia:Masculino:23-31-Matematicas:Femenino:20-22       2.8
289395[] 
 []


Overfull \hbox (56.53038pt too wide) in paragraph at lines 1233--1233
 []\T1/pcr/m/n/12 Matematicas:Masculino:23-31-Matematicas:Femenino:20-22  -12.8
593139[] 
 []


Overfull \hbox (56.53038pt too wide) in paragraph at lines 1233--1233
 []\T1/pcr/m/n/12 Quimica:Masculino:23-31-Matematicas:Femenino:20-22       -7.1
033686[] 
 []


Overfull \hbox (56.53038pt too wide) in paragraph at lines 1233--1233
 []\T1/pcr/m/n/12 Biologia:Masculino:20-22-Quimica:Femenino:20-22         -12.6
744821[] 
 []


Overfull \hbox (56.53038pt too wide) in paragraph at lines 1233--1233
 []\T1/pcr/m/n/12 Matematicas:Masculino:20-22-Quimica:Femenino:20-22      -13.3
348404[] 
 []


Overfull \hbox (56.53038pt too wide) in paragraph at lines 1233--1233
 []\T1/pcr/m/n/12 Quimica:Masculino:20-22-Quimica:Femenino:20-22          -14.4
079629[] 
 []


Overfull \hbox (56.53038pt too wide) in paragraph at lines 1233--1233
 []\T1/pcr/m/n/12 Biologia:Femenino:23-31-Quimica:Femenino:20-22               
    NA[] 
 []


Overfull \hbox (56.53038pt too wide) in paragraph at lines 1233--1233
 []\T1/pcr/m/n/12 Matematicas:Femenino:23-31-Quimica:Femenino:20-22       -10.4
842092[] 
 []


Overfull \hbox (56.53038pt too wide) in paragraph at lines 1233--1233
 []\T1/pcr/m/n/12 Quimica:Femenino:23-31-Quimica:Femenino:20-22           -16.6
467692[] 
 []


Overfull \hbox (56.53038pt too wide) in paragraph at lines 1233--1233
 []\T1/pcr/m/n/12 Biologia:Masculino:23-31-Quimica:Femenino:20-22          -3.6
062307[] 
 []


Overfull \hbox (56.53038pt too wide) in paragraph at lines 1233--1233
 []\T1/pcr/m/n/12 Matematicas:Masculino:23-31-Quimica:Femenino:20-22      -18.7
580405[] 
 []


Overfull \hbox (56.53038pt too wide) in paragraph at lines 1233--1233
 []\T1/pcr/m/n/12 Quimica:Masculino:23-31-Quimica:Femenino:20-22          -13.5
385388[] 
 []


Overfull \hbox (56.53038pt too wide) in paragraph at lines 1233--1233
 []\T1/pcr/m/n/12 Matematicas:Masculino:20-22-Biologia:Masculino:20-22    -14.4
570668[] 
 []


Overfull \hbox (56.53038pt too wide) in paragraph at lines 1233--1233
 []\T1/pcr/m/n/12 Quimica:Masculino:20-22-Biologia:Masculino:20-22        -15.5
301893[] 
 []


Overfull \hbox (56.53038pt too wide) in paragraph at lines 1233--1233
 []\T1/pcr/m/n/12 Biologia:Femenino:23-31-Biologia:Masculino:20-22             
    NA[] 
 []


Overfull \hbox (56.53038pt too wide) in paragraph at lines 1233--1233
 []\T1/pcr/m/n/12 Matematicas:Femenino:23-31-Biologia:Masculino:20-22     -11.6
064356[] 
 []


Overfull \hbox (56.53038pt too wide) in paragraph at lines 1233--1233
 []\T1/pcr/m/n/12 Quimica:Femenino:23-31-Biologia:Masculino:20-22         -17.7
689956[] 
 []


Overfull \hbox (56.53038pt too wide) in paragraph at lines 1233--1233
 []\T1/pcr/m/n/12 Biologia:Masculino:23-31-Biologia:Masculino:20-22        -4.7
284571[] 
 []


Overfull \hbox (56.53038pt too wide) in paragraph at lines 1233--1233
 []\T1/pcr/m/n/12 Matematicas:Masculino:23-31-Biologia:Masculino:20-22    -19.8
802669[] 
 []


Overfull \hbox (56.53038pt too wide) in paragraph at lines 1233--1233
 []\T1/pcr/m/n/12 Quimica:Masculino:23-31-Biologia:Masculino:20-22        -14.6
607651[] 
 []


Overfull \hbox (56.53038pt too wide) in paragraph at lines 1233--1233
 []\T1/pcr/m/n/12 Quimica:Masculino:20-22-Matematicas:Masculino:20-22      -8.0
588769[] 
 []


Overfull \hbox (56.53038pt too wide) in paragraph at lines 1233--1233
 []\T1/pcr/m/n/12 Biologia:Femenino:23-31-Matematicas:Masculino:20-22          
    NA[] 
 []


Overfull \hbox (56.53038pt too wide) in paragraph at lines 1233--1233
 []\T1/pcr/m/n/12 Matematicas:Femenino:23-31-Matematicas:Masculino:20-22   -4.8
024262[] 
 []


Overfull \hbox (56.53038pt too wide) in paragraph at lines 1233--1233
 []\T1/pcr/m/n/12 Quimica:Femenino:23-31-Matematicas:Masculino:20-22      -10.5
413640[] 
 []


Overfull \hbox (56.53038pt too wide) in paragraph at lines 1233--1233
 []\T1/pcr/m/n/12 Biologia:Masculino:23-31-Matematicas:Masculino:20-22      1.7
108067[] 
 []


Overfull \hbox (56.53038pt too wide) in paragraph at lines 1233--1233
 []\T1/pcr/m/n/12 Matematicas:Masculino:23-31-Matematicas:Masculino:20-22 -14.0
666270[] 
 []


Overfull \hbox (56.53038pt too wide) in paragraph at lines 1233--1233
 []\T1/pcr/m/n/12 Quimica:Masculino:23-31-Matematicas:Masculino:20-22      -8.2
215013[] 
 []


Overfull \hbox (56.53038pt too wide) in paragraph at lines 1233--1233
 []\T1/pcr/m/n/12 Biologia:Femenino:23-31-Quimica:Masculino:20-22              
    NA[] 
 []


Overfull \hbox (56.53038pt too wide) in paragraph at lines 1233--1233
 []\T1/pcr/m/n/12 Matematicas:Femenino:23-31-Quimica:Masculino:20-22       -4.0
642419[] 
 []


Overfull \hbox (56.53038pt too wide) in paragraph at lines 1233--1233
 []\T1/pcr/m/n/12 Quimica:Femenino:23-31-Quimica:Masculino:20-22           -9.8
361534[] 
 []


Overfull \hbox (56.53038pt too wide) in paragraph at lines 1233--1233
 []\T1/pcr/m/n/12 Biologia:Masculino:23-31-Quimica:Masculino:20-22          2.4
744881[] 
 []


Overfull \hbox (56.53038pt too wide) in paragraph at lines 1233--1233
 []\T1/pcr/m/n/12 Matematicas:Masculino:23-31-Quimica:Masculino:20-22     -13.2
639077[] 
 []


Overfull \hbox (56.53038pt too wide) in paragraph at lines 1233--1233
 []\T1/pcr/m/n/12 Quimica:Masculino:23-31-Quimica:Masculino:20-22          -7.4
578200[] 
 []


Overfull \hbox (56.53038pt too wide) in paragraph at lines 1233--1233
 []\T1/pcr/m/n/12 Matematicas:Femenino:23-31-Biologia:Femenino:23-31           
    NA[] 
 []


Overfull \hbox (56.53038pt too wide) in paragraph at lines 1233--1233
 []\T1/pcr/m/n/12 Quimica:Femenino:23-31-Biologia:Femenino:23-31               
    NA[] 
 []


Overfull \hbox (56.53038pt too wide) in paragraph at lines 1233--1233
 []\T1/pcr/m/n/12 Biologia:Masculino:23-31-Biologia:Femenino:23-31             
    NA[] 
 []


Overfull \hbox (56.53038pt too wide) in paragraph at lines 1233--1233
 []\T1/pcr/m/n/12 Matematicas:Masculino:23-31-Biologia:Femenino:23-31          
    NA[] 
 []


Overfull \hbox (56.53038pt too wide) in paragraph at lines 1233--1233
 []\T1/pcr/m/n/12 Quimica:Masculino:23-31-Biologia:Femenino:23-31              
    NA[] 
 []

File: logos/udc.png Graphic file (type png)
<use logos/udc.png>
Package pdftex.def Info: logos/udc.png  used on input line 1233.
(pdftex.def)             Requested size: 117.74677pt x 51.49538pt.
LaTeX Info: Redefining \. on input line 1233.
LaTeX Info: Redefining \% on input line 1233.
[23]
Overfull \hbox (56.53038pt too wide) in paragraph at lines 1233--1233
 []\T1/pcr/m/n/12 Quimica:Femenino:23-31-Matematicas:Femenino:23-31       -17.2
897108[] 
 []


Overfull \hbox (56.53038pt too wide) in paragraph at lines 1233--1233
 []\T1/pcr/m/n/12 Biologia:Masculino:23-31-Matematicas:Femenino:23-31      -4.5
145411[] 
 []


Overfull \hbox (56.53038pt too wide) in paragraph at lines 1233--1233
 []\T1/pcr/m/n/12 Matematicas:Masculino:23-31-Matematicas:Femenino:23-31  -19.9
020641[] 
 []


Overfull \hbox (56.53038pt too wide) in paragraph at lines 1233--1233
 []\T1/pcr/m/n/12 Quimica:Masculino:23-31-Matematicas:Femenino:23-31      -14.4
468492[] 
 []


Overfull \hbox (56.53038pt too wide) in paragraph at lines 1233--1233
 []\T1/pcr/m/n/12 Biologia:Masculino:23-31-Quimica:Femenino:23-31           3.7
509380[] 
 []


Overfull \hbox (56.53038pt too wide) in paragraph at lines 1233--1233
 []\T1/pcr/m/n/12 Matematicas:Masculino:23-31-Quimica:Femenino:23-31      -11.8
705147[] 
 []


Overfull \hbox (56.53038pt too wide) in paragraph at lines 1233--1233
 []\T1/pcr/m/n/12 Quimica:Masculino:23-31-Quimica:Femenino:23-31           -6.1
813700[] 
 []


Overfull \hbox (56.53038pt too wide) in paragraph at lines 1233--1233
 []\T1/pcr/m/n/12 Matematicas:Masculino:23-31-Biologia:Masculino:23-31    -28.9
485183[] 
 []


Overfull \hbox (56.53038pt too wide) in paragraph at lines 1233--1233
 []\T1/pcr/m/n/12 Quimica:Masculino:23-31-Biologia:Masculino:23-31        -23.7
290165[] 
 []


Overfull \hbox (56.53038pt too wide) in paragraph at lines 1233--1233
 []\T1/pcr/m/n/12 Quimica:Masculino:23-31-Matematicas:Masculino:23-31     -14.7
786856[] 
 []


Overfull \hbox (42.13039pt too wide) in paragraph at lines 1233--1233
 []                                                              \T1/pcr/m/n/12
 upr[] 
 []


Overfull \hbox (42.13039pt too wide) in paragraph at lines 1233--1233
 []\T1/pcr/m/n/12 Matematicas:Femenino:17-19-Biologia:Femenino:17-19      12.53
7186[] 
 []


Overfull \hbox (42.13039pt too wide) in paragraph at lines 1233--1233
 []\T1/pcr/m/n/12 Quimica:Femenino:17-19-Biologia:Femenino:17-19           8.29
6300[] 
 []


Overfull \hbox (42.13039pt too wide) in paragraph at lines 1233--1233
 []\T1/pcr/m/n/12 Biologia:Masculino:17-19-Biologia:Femenino:17-19         6.44
5058[] 
 []


Overfull \hbox (42.13039pt too wide) in paragraph at lines 1233--1233
 []\T1/pcr/m/n/12 Matematicas:Masculino:17-19-Biologia:Femenino:17-19     19.76
0986[] 
 []


Overfull \hbox (42.13039pt too wide) in paragraph at lines 1233--1233
 []\T1/pcr/m/n/12 Quimica:Masculino:17-19-Biologia:Femenino:17-19         16.49
0771[] 
 []


Overfull \hbox (42.13039pt too wide) in paragraph at lines 1233--1233
 []\T1/pcr/m/n/12 Biologia:Femenino:20-22-Biologia:Femenino:17-19          9.85
6884[] 
 []


Overfull \hbox (42.13039pt too wide) in paragraph at lines 1233--1233
 []\T1/pcr/m/n/12 Matematicas:Femenino:20-22-Biologia:Femenino:17-19       9.48
4181[] 
 []


Overfull \hbox (42.13039pt too wide) in paragraph at lines 1233--1233
 []\T1/pcr/m/n/12 Quimica:Femenino:20-22-Biologia:Femenino:17-19          16.68
7040[] 
 []


Overfull \hbox (42.13039pt too wide) in paragraph at lines 1233--1233
 []\T1/pcr/m/n/12 Biologia:Masculino:20-22-Biologia:Femenino:17-19        17.80
9266[] 
 []


Overfull \hbox (42.13039pt too wide) in paragraph at lines 1233--1233
 []\T1/pcr/m/n/12 Matematicas:Masculino:20-22-Biologia:Femenino:17-19     10.44
5564[] 
 []


Overfull \hbox (42.13039pt too wide) in paragraph at lines 1233--1233
 []\T1/pcr/m/n/12 Quimica:Masculino:20-22-Biologia:Femenino:17-19          9.75
1868[] 
 []


Overfull \hbox (42.13039pt too wide) in paragraph at lines 1233--1233
 []\T1/pcr/m/n/12 Biologia:Femenino:23-31-Biologia:Femenino:17-19              
  NA[] 
 []


Overfull \hbox (42.13039pt too wide) in paragraph at lines 1233--1233
 []\T1/pcr/m/n/12 Matematicas:Femenino:23-31-Biologia:Femenino:17-19      17.28
8226[] 
 []


Overfull \hbox (42.13039pt too wide) in paragraph at lines 1233--1233
 []\T1/pcr/m/n/12 Quimica:Femenino:23-31-Biologia:Femenino:17-19           8.67
2782[] 
 []


Overfull \hbox (42.13039pt too wide) in paragraph at lines 1233--1233
 []\T1/pcr/m/n/12 Biologia:Masculino:23-31-Biologia:Femenino:17-19        26.87
7518[] 
 []


Overfull \hbox (42.13039pt too wide) in paragraph at lines 1233--1233
 []\T1/pcr/m/n/12 Matematicas:Masculino:23-31-Biologia:Femenino:17-19     18.46
3630[] 
 []


Overfull \hbox (42.13039pt too wide) in paragraph at lines 1233--1233
 []\T1/pcr/m/n/12 Quimica:Masculino:23-31-Biologia:Femenino:17-19         16.94
5210[] 
 []


Overfull \hbox (42.13039pt too wide) in paragraph at lines 1233--1233
 []\T1/pcr/m/n/12 Quimica:Femenino:17-19-Matematicas:Femenino:17-19       16.83
6583[] 
 []


Overfull \hbox (42.13039pt too wide) in paragraph at lines 1233--1233
 []\T1/pcr/m/n/12 Biologia:Masculino:17-19-Matematicas:Femenino:17-19     15.74
6635[] 
 []


Overfull \hbox (42.13039pt too wide) in paragraph at lines 1233--1233
 []\T1/pcr/m/n/12 Matematicas:Masculino:17-19-Matematicas:Femenino:17-19  26.73
5292[] 
 []


Overfull \hbox (42.13039pt too wide) in paragraph at lines 1233--1233
 []\T1/pcr/m/n/12 Quimica:Masculino:17-19-Matematicas:Femenino:17-19      23.46
5076[] 
 []


Overfull \hbox (42.13039pt too wide) in paragraph at lines 1233--1233
 []\T1/pcr/m/n/12 Biologia:Femenino:20-22-Matematicas:Femenino:17-19      18.74
1298[] 
 []


Overfull \hbox (42.13039pt too wide) in paragraph at lines 1233--1233
 []\T1/pcr/m/n/12 Matematicas:Femenino:20-22-Matematicas:Femenino:17-19   18.78
5758[] 
 []


Overfull \hbox (42.13039pt too wide) in paragraph at lines 1233--1233
 []\T1/pcr/m/n/12 Quimica:Femenino:20-22-Matematicas:Femenino:17-19       24.68
4485[] 
 []


Overfull \hbox (42.13039pt too wide) in paragraph at lines 1233--1233
 []\T1/pcr/m/n/12 Biologia:Masculino:20-22-Matematicas:Femenino:17-19     25.80
6711[] 
 []


Overfull \hbox (42.13039pt too wide) in paragraph at lines 1233--1233
 []\T1/pcr/m/n/12 Matematicas:Masculino:20-22-Matematicas:Femenino:17-19  19.99
3071[] 
 []


Overfull \hbox (42.13039pt too wide) in paragraph at lines 1233--1233
 []\T1/pcr/m/n/12 Quimica:Masculino:20-22-Matematicas:Femenino:17-19      19.19
0352[] 
 []


Overfull \hbox (42.13039pt too wide) in paragraph at lines 1233--1233
 []\T1/pcr/m/n/12 Biologia:Femenino:23-31-Matematicas:Femenino:17-19           
  NA[] 
 []


Overfull \hbox (42.13039pt too wide) in paragraph at lines 1233--1233
 []\T1/pcr/m/n/12 Matematicas:Femenino:23-31-Matematicas:Femenino:17-19   25.82
8508[] 
 []


Overfull \hbox (42.13039pt too wide) in paragraph at lines 1233--1233
 []\T1/pcr/m/n/12 Quimica:Femenino:23-31-Matematicas:Femenino:17-19       17.79
6959[] 
 []


Overfull \hbox (42.13039pt too wide) in paragraph at lines 1233--1233
 []\T1/pcr/m/n/12 Biologia:Masculino:23-31-Matematicas:Femenino:17-19     34.87
4962[] 
 []


Overfull \hbox (42.13039pt too wide) in paragraph at lines 1233--1233
 []\T1/pcr/m/n/12 Matematicas:Masculino:23-31-Matematicas:Femenino:17-19  25.43
7936[] 
 []


Overfull \hbox (42.13039pt too wide) in paragraph at lines 1233--1233
 []\T1/pcr/m/n/12 Quimica:Masculino:23-31-Matematicas:Femenino:17-19      24.94
2654[] 
 []


Overfull \hbox (42.13039pt too wide) in paragraph at lines 1233--1233
 []\T1/pcr/m/n/12 Biologia:Masculino:17-19-Quimica:Femenino:17-19          9.69
4716[] 
 []


Overfull \hbox (42.13039pt too wide) in paragraph at lines 1233--1233
 []\T1/pcr/m/n/12 Matematicas:Masculino:17-19-Quimica:Femenino:17-19      22.24
9350[] 
 []


Overfull \hbox (42.13039pt too wide) in paragraph at lines 1233--1233
 []\T1/pcr/m/n/12 Quimica:Masculino:17-19-Quimica:Femenino:17-19          18.97
9134[] 
 []

File: logos/udc.png Graphic file (type png)
<use logos/udc.png>
Package pdftex.def Info: logos/udc.png  used on input line 1233.
(pdftex.def)             Requested size: 117.74677pt x 51.49538pt.
LaTeX Info: Redefining \. on input line 1233.
LaTeX Info: Redefining \% on input line 1233.
[24]
Overfull \hbox (42.13039pt too wide) in paragraph at lines 1233--1233
 []\T1/pcr/m/n/12 Biologia:Femenino:20-22-Quimica:Femenino:17-19          12.94
8003[] 
 []


Overfull \hbox (42.13039pt too wide) in paragraph at lines 1233--1233
 []\T1/pcr/m/n/12 Matematicas:Femenino:20-22-Quimica:Femenino:17-19       12.73
3839[] 
 []


Overfull \hbox (42.13039pt too wide) in paragraph at lines 1233--1233
 []\T1/pcr/m/n/12 Quimica:Femenino:20-22-Quimica:Femenino:17-19           19.47
6134[] 
 []


Overfull \hbox (42.13039pt too wide) in paragraph at lines 1233--1233
 []\T1/pcr/m/n/12 Biologia:Masculino:20-22-Quimica:Femenino:17-19         20.59
8361[] 
 []


Overfull \hbox (42.13039pt too wide) in paragraph at lines 1233--1233
 []\T1/pcr/m/n/12 Matematicas:Masculino:20-22-Quimica:Femenino:17-19      13.79
4351[] 
 []


Overfull \hbox (42.13039pt too wide) in paragraph at lines 1233--1233
 []\T1/pcr/m/n/12 Quimica:Masculino:20-22-Quimica:Femenino:17-19          13.05
6167[] 
 []


Overfull \hbox (42.13039pt too wide) in paragraph at lines 1233--1233
 []\T1/pcr/m/n/12 Biologia:Femenino:23-31-Quimica:Femenino:17-19               
  NA[] 
 []


Overfull \hbox (42.13039pt too wide) in paragraph at lines 1233--1233
 []\T1/pcr/m/n/12 Matematicas:Femenino:23-31-Quimica:Femenino:17-19       20.25
6890[] 
 []


Overfull \hbox (42.13039pt too wide) in paragraph at lines 1233--1233
 []\T1/pcr/m/n/12 Quimica:Femenino:23-31-Quimica:Femenino:17-19           11.85
3597[] 
 []


Overfull \hbox (42.13039pt too wide) in paragraph at lines 1233--1233
 []\T1/pcr/m/n/12 Biologia:Masculino:23-31-Quimica:Femenino:17-19         29.66
6612[] 
 []


Overfull \hbox (42.13039pt too wide) in paragraph at lines 1233--1233
 []\T1/pcr/m/n/12 Matematicas:Masculino:23-31-Quimica:Femenino:17-19      20.95
1994[] 
 []


Overfull \hbox (42.13039pt too wide) in paragraph at lines 1233--1233
 []\T1/pcr/m/n/12 Quimica:Masculino:23-31-Quimica:Femenino:17-19          19.73
4304[] 
 []


Overfull \hbox (42.13039pt too wide) in paragraph at lines 1233--1233
 []\T1/pcr/m/n/12 Matematicas:Masculino:17-19-Biologia:Masculino:17-19    21.28
1461[] 
 []


Overfull \hbox (42.13039pt too wide) in paragraph at lines 1233--1233
 []\T1/pcr/m/n/12 Quimica:Masculino:17-19-Biologia:Masculino:17-19        18.01
1246[] 
 []


Overfull \hbox (42.13039pt too wide) in paragraph at lines 1233--1233
 []\T1/pcr/m/n/12 Biologia:Femenino:20-22-Biologia:Masculino:17-19        11.37
7359[] 
 []


Overfull \hbox (42.13039pt too wide) in paragraph at lines 1233--1233
 []\T1/pcr/m/n/12 Matematicas:Femenino:20-22-Biologia:Masculino:17-19     11.00
4656[] 
 []


Overfull \hbox (42.13039pt too wide) in paragraph at lines 1233--1233
 []\T1/pcr/m/n/12 Quimica:Femenino:20-22-Biologia:Masculino:17-19         18.20
7515[] 
 []


Overfull \hbox (42.13039pt too wide) in paragraph at lines 1233--1233
 []\T1/pcr/m/n/12 Biologia:Masculino:20-22-Biologia:Masculino:17-19       19.32
9742[] 
 []


Overfull \hbox (42.13039pt too wide) in paragraph at lines 1233--1233
 []\T1/pcr/m/n/12 Matematicas:Masculino:20-22-Biologia:Masculino:17-19    11.96
6039[] 
 []


Overfull \hbox (42.13039pt too wide) in paragraph at lines 1233--1233
 []\T1/pcr/m/n/12 Quimica:Masculino:20-22-Biologia:Masculino:17-19        11.27
2343[] 
 []


Overfull \hbox (42.13039pt too wide) in paragraph at lines 1233--1233
 []\T1/pcr/m/n/12 Biologia:Femenino:23-31-Biologia:Masculino:17-19             
  NA[] 
 []


Overfull \hbox (42.13039pt too wide) in paragraph at lines 1233--1233
 []\T1/pcr/m/n/12 Matematicas:Femenino:23-31-Biologia:Masculino:17-19     18.80
8701[] 
 []


Overfull \hbox (42.13039pt too wide) in paragraph at lines 1233--1233
 []\T1/pcr/m/n/12 Quimica:Femenino:23-31-Biologia:Masculino:17-19         10.19
3257[] 
 []


Overfull \hbox (42.13039pt too wide) in paragraph at lines 1233--1233
 []\T1/pcr/m/n/12 Biologia:Masculino:23-31-Biologia:Masculino:17-19       28.39
7993[] 
 []


Overfull \hbox (42.13039pt too wide) in paragraph at lines 1233--1233
 []\T1/pcr/m/n/12 Matematicas:Masculino:23-31-Biologia:Masculino:17-19    19.98
4106[] 
 []


Overfull \hbox (42.13039pt too wide) in paragraph at lines 1233--1233
 []\T1/pcr/m/n/12 Quimica:Masculino:23-31-Biologia:Masculino:17-19        18.46
5685[] 
 []


Overfull \hbox (42.13039pt too wide) in paragraph at lines 1233--1233
 []\T1/pcr/m/n/12 Quimica:Masculino:17-19-Matematicas:Masculino:17-19     16.24
1277[] 
 []


Overfull \hbox (42.13039pt too wide) in paragraph at lines 1233--1233
 []\T1/pcr/m/n/12 Biologia:Femenino:20-22-Matematicas:Masculino:17-19     11.51
7498[] 
 []


Overfull \hbox (42.13039pt too wide) in paragraph at lines 1233--1233
 []\T1/pcr/m/n/12 Matematicas:Femenino:20-22-Matematicas:Masculino:17-19  11.56
1958[] 
 []


Overfull \hbox (42.13039pt too wide) in paragraph at lines 1233--1233
 []\T1/pcr/m/n/12 Quimica:Femenino:20-22-Matematicas:Masculino:17-19      17.46
0685[] 
 []


Overfull \hbox (42.13039pt too wide) in paragraph at lines 1233--1233
 []\T1/pcr/m/n/12 Biologia:Masculino:20-22-Matematicas:Masculino:17-19    18.58
2911[] 
 []


Overfull \hbox (42.13039pt too wide) in paragraph at lines 1233--1233
 []\T1/pcr/m/n/12 Matematicas:Masculino:20-22-Matematicas:Masculino:17-19 12.76
9271[] 
 []


Overfull \hbox (42.13039pt too wide) in paragraph at lines 1233--1233
 []\T1/pcr/m/n/12 Quimica:Masculino:20-22-Matematicas:Masculino:17-19     11.96
6552[] 
 []


Overfull \hbox (42.13039pt too wide) in paragraph at lines 1233--1233
 []\T1/pcr/m/n/12 Biologia:Femenino:23-31-Matematicas:Masculino:17-19          
  NA[] 
 []


Overfull \hbox (42.13039pt too wide) in paragraph at lines 1233--1233
 []\T1/pcr/m/n/12 Matematicas:Femenino:23-31-Matematicas:Masculino:17-19  18.60
4708[] 
 []


Overfull \hbox (42.13039pt too wide) in paragraph at lines 1233--1233
 []\T1/pcr/m/n/12 Quimica:Femenino:23-31-Matematicas:Masculino:17-19      10.57
3159[] 
 []


Overfull \hbox (42.13039pt too wide) in paragraph at lines 1233--1233
 []\T1/pcr/m/n/12 Biologia:Masculino:23-31-Matematicas:Masculino:17-19    27.65
1163[] 
 []


Overfull \hbox (42.13039pt too wide) in paragraph at lines 1233--1233
 []\T1/pcr/m/n/12 Matematicas:Masculino:23-31-Matematicas:Masculino:17-19 18.21
4137[] 
 []


Overfull \hbox (42.13039pt too wide) in paragraph at lines 1233--1233
 []\T1/pcr/m/n/12 Quimica:Masculino:23-31-Matematicas:Masculino:17-19     17.71
8855[] 
 []


Overfull \hbox (42.13039pt too wide) in paragraph at lines 1233--1233
 []\T1/pcr/m/n/12 Biologia:Femenino:20-22-Quimica:Masculino:17-19         14.78
7714[] 
 []


Overfull \hbox (42.13039pt too wide) in paragraph at lines 1233--1233
 []\T1/pcr/m/n/12 Matematicas:Femenino:20-22-Quimica:Masculino:17-19      14.83
2174[] 
 []


Overfull \hbox (42.13039pt too wide) in paragraph at lines 1233--1233
 []\T1/pcr/m/n/12 Quimica:Femenino:20-22-Quimica:Masculino:17-19          20.73
0900[] 
 []


Overfull \hbox (42.13039pt too wide) in paragraph at lines 1233--1233
 []\T1/pcr/m/n/12 Biologia:Masculino:20-22-Quimica:Masculino:17-19        21.85
3127[] 
 []


Overfull \hbox (42.13039pt too wide) in paragraph at lines 1233--1233
 []\T1/pcr/m/n/12 Matematicas:Masculino:20-22-Quimica:Masculino:17-19     16.03
9487[] 
 []


Overfull \hbox (42.13039pt too wide) in paragraph at lines 1233--1233
 []\T1/pcr/m/n/12 Quimica:Masculino:20-22-Quimica:Masculino:17-19         15.23
6768[] 
 []


Overfull \hbox (42.13039pt too wide) in paragraph at lines 1233--1233
 []\T1/pcr/m/n/12 Biologia:Femenino:23-31-Quimica:Masculino:17-19              
  NA[] 
 []


Overfull \hbox (42.13039pt too wide) in paragraph at lines 1233--1233
 []\T1/pcr/m/n/12 Matematicas:Femenino:23-31-Quimica:Masculino:17-19      21.87
4924[] 
 []

File: logos/udc.png Graphic file (type png)
<use logos/udc.png>
Package pdftex.def Info: logos/udc.png  used on input line 1233.
(pdftex.def)             Requested size: 117.74677pt x 51.49538pt.
LaTeX Info: Redefining \. on input line 1233.
LaTeX Info: Redefining \% on input line 1233.
[25]
Overfull \hbox (42.13039pt too wide) in paragraph at lines 1233--1233
 []\T1/pcr/m/n/12 Quimica:Femenino:23-31-Quimica:Masculino:17-19          13.84
3375[] 
 []


Overfull \hbox (42.13039pt too wide) in paragraph at lines 1233--1233
 []\T1/pcr/m/n/12 Biologia:Masculino:23-31-Quimica:Masculino:17-19        30.92
1378[] 
 []


Overfull \hbox (42.13039pt too wide) in paragraph at lines 1233--1233
 []\T1/pcr/m/n/12 Matematicas:Masculino:23-31-Quimica:Masculino:17-19     21.48
4352[] 
 []


Overfull \hbox (42.13039pt too wide) in paragraph at lines 1233--1233
 []\T1/pcr/m/n/12 Quimica:Masculino:23-31-Quimica:Masculino:17-19         20.98
9070[] 
 []


Overfull \hbox (42.13039pt too wide) in paragraph at lines 1233--1233
 []\T1/pcr/m/n/12 Matematicas:Femenino:20-22-Biologia:Femenino:20-22       9.47
3238[] 
 []


Overfull \hbox (42.13039pt too wide) in paragraph at lines 1233--1233
 []\T1/pcr/m/n/12 Quimica:Femenino:20-22-Biologia:Femenino:20-22          16.41
9228[] 
 []


Overfull \hbox (42.13039pt too wide) in paragraph at lines 1233--1233
 []\T1/pcr/m/n/12 Biologia:Masculino:20-22-Biologia:Femenino:20-22        17.54
1454[] 
 []


Overfull \hbox (42.13039pt too wide) in paragraph at lines 1233--1233
 []\T1/pcr/m/n/12 Matematicas:Masculino:20-22-Biologia:Femenino:20-22     10.49
2067[] 
 []


Overfull \hbox (42.13039pt too wide) in paragraph at lines 1233--1233
 []\T1/pcr/m/n/12 Quimica:Masculino:20-22-Biologia:Femenino:20-22          9.77
2486[] 
 []


Overfull \hbox (42.13039pt too wide) in paragraph at lines 1233--1233
 []\T1/pcr/m/n/12 Biologia:Femenino:23-31-Biologia:Femenino:20-22              
  NA[] 
 []


Overfull \hbox (42.13039pt too wide) in paragraph at lines 1233--1233
 []\T1/pcr/m/n/12 Matematicas:Femenino:23-31-Biologia:Femenino:20-22      17.11
8743[] 
 []


Overfull \hbox (42.13039pt too wide) in paragraph at lines 1233--1233
 []\T1/pcr/m/n/12 Quimica:Femenino:23-31-Biologia:Femenino:20-22           8.62
2426[] 
 []


Overfull \hbox (42.13039pt too wide) in paragraph at lines 1233--1233
 []\T1/pcr/m/n/12 Biologia:Masculino:23-31-Biologia:Femenino:20-22        26.60
9705[] 
 []


Overfull \hbox (42.13039pt too wide) in paragraph at lines 1233--1233
 []\T1/pcr/m/n/12 Matematicas:Masculino:23-31-Biologia:Femenino:20-22     18.03
5524[] 
 []


Overfull \hbox (42.13039pt too wide) in paragraph at lines 1233--1233
 []\T1/pcr/m/n/12 Quimica:Masculino:23-31-Biologia:Femenino:20-22         16.67
7397[] 
 []


Overfull \hbox (42.13039pt too wide) in paragraph at lines 1233--1233
 []\T1/pcr/m/n/12 Quimica:Femenino:20-22-Matematicas:Femenino:20-22       15.16
8392[] 
 []


Overfull \hbox (42.13039pt too wide) in paragraph at lines 1233--1233
 []\T1/pcr/m/n/12 Biologia:Masculino:20-22-Matematicas:Femenino:20-22     16.29
0619[] 
 []


Overfull \hbox (42.13039pt too wide) in paragraph at lines 1233--1233
 []\T1/pcr/m/n/12 Matematicas:Masculino:20-22-Matematicas:Femenino:20-22   8.92
6916[] 
 []


Overfull \hbox (42.13039pt too wide) in paragraph at lines 1233--1233
 []\T1/pcr/m/n/12 Quimica:Masculino:20-22-Matematicas:Femenino:20-22       8.23
3220[] 
 []


Overfull \hbox (42.13039pt too wide) in paragraph at lines 1233--1233
 []\T1/pcr/m/n/12 Biologia:Femenino:23-31-Matematicas:Femenino:20-22           
  NA[] 
 []


Overfull \hbox (42.13039pt too wide) in paragraph at lines 1233--1233
 []\T1/pcr/m/n/12 Matematicas:Femenino:23-31-Matematicas:Femenino:20-22   15.76
9578[] 
 []


Overfull \hbox (42.13039pt too wide) in paragraph at lines 1233--1233
 []\T1/pcr/m/n/12 Quimica:Femenino:23-31-Matematicas:Femenino:20-22        7.15
4134[] 
 []


Overfull \hbox (42.13039pt too wide) in paragraph at lines 1233--1233
 []\T1/pcr/m/n/12 Biologia:Masculino:23-31-Matematicas:Femenino:20-22     25.35
8870[] 
 []


Overfull \hbox (42.13039pt too wide) in paragraph at lines 1233--1233
 []\T1/pcr/m/n/12 Matematicas:Masculino:23-31-Matematicas:Femenino:20-22  16.94
4983[] 
 []


Overfull \hbox (42.13039pt too wide) in paragraph at lines 1233--1233
 []\T1/pcr/m/n/12 Quimica:Masculino:23-31-Matematicas:Femenino:20-22      15.42
6562[] 
 []


Overfull \hbox (42.13039pt too wide) in paragraph at lines 1233--1233
 []\T1/pcr/m/n/12 Biologia:Masculino:20-22-Quimica:Femenino:20-22         14.91
8935[] 
 []


Overfull \hbox (42.13039pt too wide) in paragraph at lines 1233--1233
 []\T1/pcr/m/n/12 Matematicas:Masculino:20-22-Quimica:Femenino:20-22       8.47
9671[] 
 []


Overfull \hbox (42.13039pt too wide) in paragraph at lines 1233--1233
 []\T1/pcr/m/n/12 Quimica:Masculino:20-22-Quimica:Femenino:20-22           7.71
5990[] 
 []


Overfull \hbox (42.13039pt too wide) in paragraph at lines 1233--1233
 []\T1/pcr/m/n/12 Biologia:Femenino:23-31-Quimica:Femenino:20-22               
  NA[] 
 []


Overfull \hbox (42.13039pt too wide) in paragraph at lines 1233--1233
 []\T1/pcr/m/n/12 Matematicas:Femenino:23-31-Quimica:Femenino:20-22       14.70
5019[] 
 []


Overfull \hbox (42.13039pt too wide) in paragraph at lines 1233--1233
 []\T1/pcr/m/n/12 Quimica:Femenino:23-31-Quimica:Femenino:20-22            6.43
9540[] 
 []


Overfull \hbox (42.13039pt too wide) in paragraph at lines 1233--1233
 []\T1/pcr/m/n/12 Biologia:Masculino:23-31-Quimica:Femenino:20-22         23.98
7186[] 
 []


Overfull \hbox (42.13039pt too wide) in paragraph at lines 1233--1233
 []\T1/pcr/m/n/12 Matematicas:Masculino:23-31-Quimica:Femenino:20-22      15.03
6855[] 
 []


Overfull \hbox (42.13039pt too wide) in paragraph at lines 1233--1233
 []\T1/pcr/m/n/12 Quimica:Masculino:23-31-Quimica:Femenino:20-22          14.05
4878[] 
 []


Overfull \hbox (42.13039pt too wide) in paragraph at lines 1233--1233
 []\T1/pcr/m/n/12 Matematicas:Masculino:20-22-Biologia:Masculino:20-22     7.35
7445[] 
 []


Overfull \hbox (42.13039pt too wide) in paragraph at lines 1233--1233
 []\T1/pcr/m/n/12 Quimica:Masculino:20-22-Biologia:Masculino:20-22         6.59
3763[] 
 []


Overfull \hbox (42.13039pt too wide) in paragraph at lines 1233--1233
 []\T1/pcr/m/n/12 Biologia:Femenino:23-31-Biologia:Masculino:20-22             
  NA[] 
 []


Overfull \hbox (42.13039pt too wide) in paragraph at lines 1233--1233
 []\T1/pcr/m/n/12 Matematicas:Femenino:23-31-Biologia:Masculino:20-22     13.58
2792[] 
 []


Overfull \hbox (42.13039pt too wide) in paragraph at lines 1233--1233
 []\T1/pcr/m/n/12 Quimica:Femenino:23-31-Biologia:Masculino:20-22          5.31
7313[] 
 []


Overfull \hbox (42.13039pt too wide) in paragraph at lines 1233--1233
 []\T1/pcr/m/n/12 Biologia:Masculino:23-31-Biologia:Masculino:20-22       22.86
4960[] 
 []


Overfull \hbox (42.13039pt too wide) in paragraph at lines 1233--1233
 []\T1/pcr/m/n/12 Matematicas:Masculino:23-31-Biologia:Masculino:20-22    13.91
4629[] 
 []


Overfull \hbox (42.13039pt too wide) in paragraph at lines 1233--1233
 []\T1/pcr/m/n/12 Quimica:Masculino:23-31-Biologia:Masculino:20-22        12.93
2652[] 
 []


Overfull \hbox (42.13039pt too wide) in paragraph at lines 1233--1233
 []\T1/pcr/m/n/12 Quimica:Masculino:20-22-Matematicas:Masculino:20-22      6.22
2073[] 
 []


Overfull \hbox (42.13039pt too wide) in paragraph at lines 1233--1233
 []\T1/pcr/m/n/12 Biologia:Femenino:23-31-Matematicas:Masculino:20-22          
  NA[] 
 []


Overfull \hbox (42.13039pt too wide) in paragraph at lines 1233--1233
 []\T1/pcr/m/n/12 Matematicas:Femenino:23-31-Matematicas:Masculino:20-22  13.87
8405[] 
 []


Overfull \hbox (42.13039pt too wide) in paragraph at lines 1233--1233
 []\T1/pcr/m/n/12 Quimica:Femenino:23-31-Matematicas:Masculino:20-22       5.18
9304[] 
 []


Overfull \hbox (42.13039pt too wide) in paragraph at lines 1233--1233
 []\T1/pcr/m/n/12 Biologia:Masculino:23-31-Matematicas:Masculino:20-22    23.52
5318[] 
 []

File: logos/udc.png Graphic file (type png)
<use logos/udc.png>
Package pdftex.def Info: logos/udc.png  used on input line 1233.
(pdftex.def)             Requested size: 117.74677pt x 51.49538pt.
LaTeX Info: Redefining \. on input line 1233.
LaTeX Info: Redefining \% on input line 1233.
[26]
Overfull \hbox (42.13039pt too wide) in paragraph at lines 1233--1233
 []\T1/pcr/m/n/12 Matematicas:Masculino:23-31-Matematicas:Masculino:20-22 15.20
0611[] 
 []


Overfull \hbox (42.13039pt too wide) in paragraph at lines 1233--1233
 []\T1/pcr/m/n/12 Quimica:Masculino:23-31-Matematicas:Masculino:20-22     13.59
3010[] 
 []


Overfull \hbox (42.13039pt too wide) in paragraph at lines 1233--1233
 []\T1/pcr/m/n/12 Biologia:Femenino:23-31-Quimica:Masculino:20-22              
  NA[] 
 []


Overfull \hbox (42.13039pt too wide) in paragraph at lines 1233--1233
 []\T1/pcr/m/n/12 Matematicas:Femenino:23-31-Quimica:Masculino:20-22      14.97
7025[] 
 []


Overfull \hbox (42.13039pt too wide) in paragraph at lines 1233--1233
 []\T1/pcr/m/n/12 Quimica:Femenino:23-31-Quimica:Masculino:20-22           6.32
0897[] 
 []


Overfull \hbox (42.13039pt too wide) in paragraph at lines 1233--1233
 []\T1/pcr/m/n/12 Biologia:Masculino:23-31-Quimica:Masculino:20-22        24.59
8441[] 
 []


Overfull \hbox (42.13039pt too wide) in paragraph at lines 1233--1233
 []\T1/pcr/m/n/12 Matematicas:Masculino:23-31-Quimica:Masculino:20-22     16.23
4696[] 
 []


Overfull \hbox (42.13039pt too wide) in paragraph at lines 1233--1233
 []\T1/pcr/m/n/12 Quimica:Masculino:23-31-Quimica:Masculino:20-22         14.66
6133[] 
 []


Overfull \hbox (42.13039pt too wide) in paragraph at lines 1233--1233
 []\T1/pcr/m/n/12 Matematicas:Femenino:23-31-Biologia:Femenino:23-31           
  NA[] 
 []


Overfull \hbox (42.13039pt too wide) in paragraph at lines 1233--1233
 []\T1/pcr/m/n/12 Quimica:Femenino:23-31-Biologia:Femenino:23-31               
  NA[] 
 []


Overfull \hbox (42.13039pt too wide) in paragraph at lines 1233--1233
 []\T1/pcr/m/n/12 Biologia:Masculino:23-31-Biologia:Femenino:23-31             
  NA[] 
 []


Overfull \hbox (42.13039pt too wide) in paragraph at lines 1233--1233
 []\T1/pcr/m/n/12 Matematicas:Masculino:23-31-Biologia:Femenino:23-31          
  NA[] 
 []


Overfull \hbox (42.13039pt too wide) in paragraph at lines 1233--1233
 []\T1/pcr/m/n/12 Quimica:Masculino:23-31-Biologia:Femenino:23-31              
  NA[] 
 []


Overfull \hbox (42.13039pt too wide) in paragraph at lines 1233--1233
 []\T1/pcr/m/n/12 Quimica:Femenino:23-31-Matematicas:Femenino:23-31        2.86
1672[] 
 []


Overfull \hbox (42.13039pt too wide) in paragraph at lines 1233--1233
 []\T1/pcr/m/n/12 Biologia:Masculino:23-31-Matematicas:Femenino:23-31     20.67
4687[] 
 []


Overfull \hbox (42.13039pt too wide) in paragraph at lines 1233--1233
 []\T1/pcr/m/n/12 Matematicas:Masculino:23-31-Matematicas:Femenino:23-31  11.96
0069[] 
 []


Overfull \hbox (42.13039pt too wide) in paragraph at lines 1233--1233
 []\T1/pcr/m/n/12 Quimica:Masculino:23-31-Matematicas:Femenino:23-31      10.74
2379[] 
 []


Overfull \hbox (42.13039pt too wide) in paragraph at lines 1233--1233
 []\T1/pcr/m/n/12 Biologia:Masculino:23-31-Quimica:Femenino:23-31         26.83
7247[] 
 []


Overfull \hbox (42.13039pt too wide) in paragraph at lines 1233--1233
 []\T1/pcr/m/n/12 Matematicas:Masculino:23-31-Quimica:Femenino:23-31      18.35
6559[] 
 []


Overfull \hbox (42.13039pt too wide) in paragraph at lines 1233--1233
 []\T1/pcr/m/n/12 Quimica:Masculino:23-31-Quimica:Femenino:23-31          16.90
4939[] 
 []


Overfull \hbox (42.13039pt too wide) in paragraph at lines 1233--1233
 []\T1/pcr/m/n/12 Matematicas:Masculino:23-31-Biologia:Masculino:23-31     4.84
6378[] 
 []


Overfull \hbox (42.13039pt too wide) in paragraph at lines 1233--1233
 []\T1/pcr/m/n/12 Quimica:Masculino:23-31-Biologia:Masculino:23-31         3.86
4400[] 
 []


Overfull \hbox (42.13039pt too wide) in paragraph at lines 1233--1233
 []\T1/pcr/m/n/12 Quimica:Masculino:23-31-Matematicas:Masculino:23-31     19.01
6210[] 
 []


Overfull \hbox (42.13039pt too wide) in paragraph at lines 1233--1233
 []                                                            \T1/pcr/m/n/12 p
 adj[] 
 []


Overfull \hbox (42.13039pt too wide) in paragraph at lines 1233--1233
 []\T1/pcr/m/n/12 Matematicas:Femenino:17-19-Biologia:Femenino:17-19      0.999
9999[] 
 []


Overfull \hbox (42.13039pt too wide) in paragraph at lines 1233--1233
 []\T1/pcr/m/n/12 Quimica:Femenino:17-19-Biologia:Femenino:17-19          1.000
0000[] 
 []


Overfull \hbox (42.13039pt too wide) in paragraph at lines 1233--1233
 []\T1/pcr/m/n/12 Biologia:Masculino:17-19-Biologia:Femenino:17-19        0.999
9991[] 
 []


Overfull \hbox (42.13039pt too wide) in paragraph at lines 1233--1233
 []\T1/pcr/m/n/12 Matematicas:Masculino:17-19-Biologia:Femenino:17-19     0.998
6551[] 
 []


Overfull \hbox (42.13039pt too wide) in paragraph at lines 1233--1233
 []\T1/pcr/m/n/12 Quimica:Masculino:17-19-Biologia:Femenino:17-19         1.000
0000[] 
 []


Overfull \hbox (42.13039pt too wide) in paragraph at lines 1233--1233
 []\T1/pcr/m/n/12 Biologia:Femenino:20-22-Biologia:Femenino:17-19         1.000
0000[] 
 []


Overfull \hbox (42.13039pt too wide) in paragraph at lines 1233--1233
 []\T1/pcr/m/n/12 Matematicas:Femenino:20-22-Biologia:Femenino:17-19      0.999
9991[] 
 []


Overfull \hbox (42.13039pt too wide) in paragraph at lines 1233--1233
 []\T1/pcr/m/n/12 Quimica:Femenino:20-22-Biologia:Femenino:17-19          0.935
1116[] 
 []


Overfull \hbox (42.13039pt too wide) in paragraph at lines 1233--1233
 []\T1/pcr/m/n/12 Biologia:Masculino:20-22-Biologia:Femenino:17-19        0.770
9178[] 
 []


Overfull \hbox (42.13039pt too wide) in paragraph at lines 1233--1233
 []\T1/pcr/m/n/12 Matematicas:Masculino:20-22-Biologia:Femenino:17-19     0.986
9113[] 
 []


Overfull \hbox (42.13039pt too wide) in paragraph at lines 1233--1233
 []\T1/pcr/m/n/12 Quimica:Masculino:20-22-Biologia:Femenino:17-19         0.999
8711[] 
 []


Overfull \hbox (42.13039pt too wide) in paragraph at lines 1233--1233
 []\T1/pcr/m/n/12 Biologia:Femenino:23-31-Biologia:Femenino:17-19              
  NA[] 
 []


Overfull \hbox (42.13039pt too wide) in paragraph at lines 1233--1233
 []\T1/pcr/m/n/12 Matematicas:Femenino:23-31-Biologia:Femenino:17-19      0.314
4355[] 
 []


Overfull \hbox (42.13039pt too wide) in paragraph at lines 1233--1233
 []\T1/pcr/m/n/12 Quimica:Femenino:23-31-Biologia:Femenino:17-19          1.000
0000[] 
 []


Overfull \hbox (42.13039pt too wide) in paragraph at lines 1233--1233
 []\T1/pcr/m/n/12 Biologia:Masculino:23-31-Biologia:Femenino:17-19        0.000
7841[] 
 []


Overfull \hbox (42.13039pt too wide) in paragraph at lines 1233--1233
 []\T1/pcr/m/n/12 Matematicas:Masculino:23-31-Biologia:Femenino:17-19     0.999
9760[] 
 []


Overfull \hbox (42.13039pt too wide) in paragraph at lines 1233--1233
 []\T1/pcr/m/n/12 Quimica:Masculino:23-31-Biologia:Femenino:17-19         0.907
7281[] 
 []


Overfull \hbox (42.13039pt too wide) in paragraph at lines 1233--1233
 []\T1/pcr/m/n/12 Quimica:Femenino:17-19-Matematicas:Femenino:17-19       1.000
0000[] 
 []


Overfull \hbox (42.13039pt too wide) in paragraph at lines 1233--1233
 []\T1/pcr/m/n/12 Biologia:Masculino:17-19-Matematicas:Femenino:17-19     1.000
0000[] 
 []


Overfull \hbox (42.13039pt too wide) in paragraph at lines 1233--1233
 []\T1/pcr/m/n/12 Matematicas:Masculino:17-19-Matematicas:Femenino:17-19  0.994
3680[] 
 []


Overfull \hbox (42.13039pt too wide) in paragraph at lines 1233--1233
 []\T1/pcr/m/n/12 Quimica:Masculino:17-19-Matematicas:Femenino:17-19      0.999
9978[] 
 []


Overfull \hbox (42.13039pt too wide) in paragraph at lines 1233--1233
 []\T1/pcr/m/n/12 Biologia:Femenino:20-22-Matematicas:Femenino:17-19      0.999
9947[] 
 []


Overfull \hbox (42.13039pt too wide) in paragraph at lines 1233--1233
 []\T1/pcr/m/n/12 Matematicas:Femenino:20-22-Matematicas:Femenino:17-19   0.999
9214[] 
 []

File: logos/udc.png Graphic file (type png)
<use logos/udc.png>
Package pdftex.def Info: logos/udc.png  used on input line 1233.
(pdftex.def)             Requested size: 117.74677pt x 51.49538pt.
LaTeX Info: Redefining \. on input line 1233.
LaTeX Info: Redefining \% on input line 1233.
[27]
Overfull \hbox (42.13039pt too wide) in paragraph at lines 1233--1233
 []\T1/pcr/m/n/12 Quimica:Femenino:20-22-Matematicas:Femenino:17-19       0.954
3786[] 
 []


Overfull \hbox (42.13039pt too wide) in paragraph at lines 1233--1233
 []\T1/pcr/m/n/12 Biologia:Masculino:20-22-Matematicas:Femenino:17-19     0.873
7866[] 
 []


Overfull \hbox (42.13039pt too wide) in paragraph at lines 1233--1233
 []\T1/pcr/m/n/12 Matematicas:Masculino:20-22-Matematicas:Femenino:17-19  0.994
9866[] 
 []


Overfull \hbox (42.13039pt too wide) in paragraph at lines 1233--1233
 []\T1/pcr/m/n/12 Quimica:Masculino:20-22-Matematicas:Femenino:17-19      0.999
4886[] 
 []


Overfull \hbox (42.13039pt too wide) in paragraph at lines 1233--1233
 []\T1/pcr/m/n/12 Biologia:Femenino:23-31-Matematicas:Femenino:17-19           
  NA[] 
 []


Overfull \hbox (42.13039pt too wide) in paragraph at lines 1233--1233
 []\T1/pcr/m/n/12 Matematicas:Femenino:23-31-Matematicas:Femenino:17-19   0.676
6999[] 
 []


Overfull \hbox (42.13039pt too wide) in paragraph at lines 1233--1233
 []\T1/pcr/m/n/12 Quimica:Femenino:23-31-Matematicas:Femenino:17-19       0.999
9997[] 
 []


Overfull \hbox (42.13039pt too wide) in paragraph at lines 1233--1233
 []\T1/pcr/m/n/12 Biologia:Masculino:23-31-Matematicas:Femenino:17-19     0.026
8748[] 
 []


Overfull \hbox (42.13039pt too wide) in paragraph at lines 1233--1233
 []\T1/pcr/m/n/12 Matematicas:Masculino:23-31-Matematicas:Femenino:17-19  0.999
4300[] 
 []


Overfull \hbox (42.13039pt too wide) in paragraph at lines 1233--1233
 []\T1/pcr/m/n/12 Quimica:Masculino:23-31-Matematicas:Femenino:17-19      0.940
4567[] 
 []


Overfull \hbox (42.13039pt too wide) in paragraph at lines 1233--1233
 []\T1/pcr/m/n/12 Biologia:Masculino:17-19-Quimica:Femenino:17-19         1.000
0000[] 
 []


Overfull \hbox (42.13039pt too wide) in paragraph at lines 1233--1233
 []\T1/pcr/m/n/12 Matematicas:Masculino:17-19-Quimica:Femenino:17-19      0.988
5239[] 
 []


Overfull \hbox (42.13039pt too wide) in paragraph at lines 1233--1233
 []\T1/pcr/m/n/12 Quimica:Masculino:17-19-Quimica:Femenino:17-19          0.999
9990[] 
 []


Overfull \hbox (42.13039pt too wide) in paragraph at lines 1233--1233
 []\T1/pcr/m/n/12 Biologia:Femenino:20-22-Quimica:Femenino:17-19          0.999
9870[] 
 []


Overfull \hbox (42.13039pt too wide) in paragraph at lines 1233--1233
 []\T1/pcr/m/n/12 Matematicas:Femenino:20-22-Quimica:Femenino:17-19       0.999
3936[] 
 []


Overfull \hbox (42.13039pt too wide) in paragraph at lines 1233--1233
 []\T1/pcr/m/n/12 Quimica:Femenino:20-22-Quimica:Femenino:17-19           0.840
7326[] 
 []


Overfull \hbox (42.13039pt too wide) in paragraph at lines 1233--1233
 []\T1/pcr/m/n/12 Biologia:Masculino:20-22-Quimica:Femenino:17-19         0.641
3518[] 
 []


Overfull \hbox (42.13039pt too wide) in paragraph at lines 1233--1233
 []\T1/pcr/m/n/12 Matematicas:Masculino:20-22-Quimica:Femenino:17-19      0.939
7297[] 
 []


Overfull \hbox (42.13039pt too wide) in paragraph at lines 1233--1233
 []\T1/pcr/m/n/12 Quimica:Masculino:20-22-Quimica:Femenino:17-19          0.994
1832[] 
 []


Overfull \hbox (42.13039pt too wide) in paragraph at lines 1233--1233
 []\T1/pcr/m/n/12 Biologia:Femenino:23-31-Quimica:Femenino:17-19               
  NA[] 
 []


Overfull \hbox (42.13039pt too wide) in paragraph at lines 1233--1233
 []\T1/pcr/m/n/12 Matematicas:Femenino:23-31-Quimica:Femenino:17-19       0.264
2249[] 
 []


Overfull \hbox (42.13039pt too wide) in paragraph at lines 1233--1233
 []\T1/pcr/m/n/12 Quimica:Femenino:23-31-Quimica:Femenino:17-19           0.999
9997[] 
 []


Overfull \hbox (42.13039pt too wide) in paragraph at lines 1233--1233
 []\T1/pcr/m/n/12 Biologia:Masculino:23-31-Quimica:Femenino:17-19         0.001
1175[] 
 []


Overfull \hbox (42.13039pt too wide) in paragraph at lines 1233--1233
 []\T1/pcr/m/n/12 Matematicas:Masculino:23-31-Quimica:Femenino:17-19      0.999
1041[] 
 []


Overfull \hbox (42.13039pt too wide) in paragraph at lines 1233--1233
 []\T1/pcr/m/n/12 Quimica:Masculino:23-31-Quimica:Femenino:17-19          0.800
7683[] 
 []


Overfull \hbox (42.13039pt too wide) in paragraph at lines 1233--1233
 []\T1/pcr/m/n/12 Matematicas:Masculino:17-19-Biologia:Masculino:17-19    0.976
1134[] 
 []


Overfull \hbox (42.13039pt too wide) in paragraph at lines 1233--1233
 []\T1/pcr/m/n/12 Quimica:Masculino:17-19-Biologia:Masculino:17-19        0.999
9966[] 
 []


Overfull \hbox (42.13039pt too wide) in paragraph at lines 1233--1233
 []\T1/pcr/m/n/12 Biologia:Femenino:20-22-Biologia:Masculino:17-19        0.999
8192[] 
 []


Overfull \hbox (42.13039pt too wide) in paragraph at lines 1233--1233
 []\T1/pcr/m/n/12 Matematicas:Femenino:20-22-Biologia:Masculino:17-19     0.992
2682[] 
 []


Overfull \hbox (42.13039pt too wide) in paragraph at lines 1233--1233
 []\T1/pcr/m/n/12 Quimica:Femenino:20-22-Biologia:Masculino:17-19         0.688
8560[] 
 []


Overfull \hbox (42.13039pt too wide) in paragraph at lines 1233--1233
 []\T1/pcr/m/n/12 Biologia:Masculino:20-22-Biologia:Masculino:17-19       0.439
5813[] 
 []


Overfull \hbox (42.13039pt too wide) in paragraph at lines 1233--1233
 []\T1/pcr/m/n/12 Matematicas:Masculino:20-22-Biologia:Masculino:17-19    0.713
7429[] 
 []


Overfull \hbox (42.13039pt too wide) in paragraph at lines 1233--1233
 []\T1/pcr/m/n/12 Quimica:Masculino:20-22-Biologia:Masculino:17-19        0.947
6702[] 
 []


Overfull \hbox (42.13039pt too wide) in paragraph at lines 1233--1233
 []\T1/pcr/m/n/12 Biologia:Femenino:23-31-Biologia:Masculino:17-19             
  NA[] 
 []


Overfull \hbox (42.13039pt too wide) in paragraph at lines 1233--1233
 []\T1/pcr/m/n/12 Matematicas:Femenino:23-31-Biologia:Masculino:17-19     0.095
9507[] 
 []


Overfull \hbox (42.13039pt too wide) in paragraph at lines 1233--1233
 []\T1/pcr/m/n/12 Quimica:Femenino:23-31-Biologia:Masculino:17-19         0.999
9925[] 
 []


Overfull \hbox (42.13039pt too wide) in paragraph at lines 1233--1233
 []\T1/pcr/m/n/12 Biologia:Masculino:23-31-Biologia:Masculino:17-19       0.000
1581[] 
 []


Overfull \hbox (42.13039pt too wide) in paragraph at lines 1233--1233
 []\T1/pcr/m/n/12 Matematicas:Masculino:23-31-Biologia:Masculino:17-19    0.997
7323[] 
 []


Overfull \hbox (42.13039pt too wide) in paragraph at lines 1233--1233
 []\T1/pcr/m/n/12 Quimica:Masculino:23-31-Biologia:Masculino:17-19        0.631
9867[] 
 []


Overfull \hbox (42.13039pt too wide) in paragraph at lines 1233--1233
 []\T1/pcr/m/n/12 Quimica:Masculino:17-19-Matematicas:Masculino:17-19     0.999
9999[] 
 []


Overfull \hbox (42.13039pt too wide) in paragraph at lines 1233--1233
 []\T1/pcr/m/n/12 Biologia:Femenino:20-22-Matematicas:Masculino:17-19     0.999
9464[] 
 []


Overfull \hbox (42.13039pt too wide) in paragraph at lines 1233--1233
 []\T1/pcr/m/n/12 Matematicas:Femenino:20-22-Matematicas:Masculino:17-19  0.999
9903[] 
 []


Overfull \hbox (42.13039pt too wide) in paragraph at lines 1233--1233
 []\T1/pcr/m/n/12 Quimica:Femenino:20-22-Matematicas:Masculino:17-19      1.000
0000[] 
 []


Overfull \hbox (42.13039pt too wide) in paragraph at lines 1233--1233
 []\T1/pcr/m/n/12 Biologia:Masculino:20-22-Matematicas:Masculino:17-19    1.000
0000[] 
 []


Overfull \hbox (42.13039pt too wide) in paragraph at lines 1233--1233
 []\T1/pcr/m/n/12 Matematicas:Masculino:20-22-Matematicas:Masculino:17-19 1.000
0000[] 
 []


Overfull \hbox (42.13039pt too wide) in paragraph at lines 1233--1233
 []\T1/pcr/m/n/12 Quimica:Masculino:20-22-Matematicas:Masculino:17-19     0.999
9992[] 
 []


Overfull \hbox (42.13039pt too wide) in paragraph at lines 1233--1233
 []\T1/pcr/m/n/12 Biologia:Femenino:23-31-Matematicas:Masculino:17-19          
  NA[] 
 []

File: logos/udc.png Graphic file (type png)
<use logos/udc.png>
Package pdftex.def Info: logos/udc.png  used on input line 1233.
(pdftex.def)             Requested size: 117.74677pt x 51.49538pt.
LaTeX Info: Redefining \. on input line 1233.
LaTeX Info: Redefining \% on input line 1233.
[28]
Overfull \hbox (42.13039pt too wide) in paragraph at lines 1233--1233
 []\T1/pcr/m/n/12 Matematicas:Femenino:23-31-Matematicas:Masculino:17-19  0.999
9999[] 
 []


Overfull \hbox (42.13039pt too wide) in paragraph at lines 1233--1233
 []\T1/pcr/m/n/12 Quimica:Femenino:23-31-Matematicas:Masculino:17-19      0.999
5029[] 
 []


Overfull \hbox (42.13039pt too wide) in paragraph at lines 1233--1233
 []\T1/pcr/m/n/12 Biologia:Masculino:23-31-Matematicas:Masculino:17-19    0.639
0393[] 
 []


Overfull \hbox (42.13039pt too wide) in paragraph at lines 1233--1233
 []\T1/pcr/m/n/12 Matematicas:Masculino:23-31-Matematicas:Masculino:17-19 1.000
0000[] 
 []


Overfull \hbox (42.13039pt too wide) in paragraph at lines 1233--1233
 []\T1/pcr/m/n/12 Quimica:Masculino:23-31-Matematicas:Masculino:17-19     1.000
0000[] 
 []


Overfull \hbox (42.13039pt too wide) in paragraph at lines 1233--1233
 []\T1/pcr/m/n/12 Biologia:Femenino:20-22-Quimica:Masculino:17-19         1.000
0000[] 
 []


Overfull \hbox (42.13039pt too wide) in paragraph at lines 1233--1233
 []\T1/pcr/m/n/12 Matematicas:Femenino:20-22-Quimica:Masculino:17-19      1.000
0000[] 
 []


Overfull \hbox (42.13039pt too wide) in paragraph at lines 1233--1233
 []\T1/pcr/m/n/12 Quimica:Femenino:20-22-Quimica:Masculino:17-19          0.999
9885[] 
 []


Overfull \hbox (42.13039pt too wide) in paragraph at lines 1233--1233
 []\T1/pcr/m/n/12 Biologia:Masculino:20-22-Quimica:Masculino:17-19        0.999
6325[] 
 []


Overfull \hbox (42.13039pt too wide) in paragraph at lines 1233--1233
 []\T1/pcr/m/n/12 Matematicas:Masculino:20-22-Quimica:Masculino:17-19     1.000
0000[] 
 []


Overfull \hbox (42.13039pt too wide) in paragraph at lines 1233--1233
 []\T1/pcr/m/n/12 Quimica:Masculino:20-22-Quimica:Masculino:17-19         1.000
0000[] 
 []


Overfull \hbox (42.13039pt too wide) in paragraph at lines 1233--1233
 []\T1/pcr/m/n/12 Biologia:Femenino:23-31-Quimica:Masculino:17-19              
  NA[] 
 []


Overfull \hbox (42.13039pt too wide) in paragraph at lines 1233--1233
 []\T1/pcr/m/n/12 Matematicas:Femenino:23-31-Quimica:Masculino:17-19      0.993
8861[] 
 []


Overfull \hbox (42.13039pt too wide) in paragraph at lines 1233--1233
 []\T1/pcr/m/n/12 Quimica:Femenino:23-31-Quimica:Masculino:17-19          1.000
0000[] 
 []


Overfull \hbox (42.13039pt too wide) in paragraph at lines 1233--1233
 []\T1/pcr/m/n/12 Biologia:Masculino:23-31-Quimica:Masculino:17-19        0.210
8148[] 
 []


Overfull \hbox (42.13039pt too wide) in paragraph at lines 1233--1233
 []\T1/pcr/m/n/12 Matematicas:Masculino:23-31-Quimica:Masculino:17-19     1.000
0000[] 
 []


Overfull \hbox (42.13039pt too wide) in paragraph at lines 1233--1233
 []\T1/pcr/m/n/12 Quimica:Masculino:23-31-Quimica:Masculino:17-19         0.999
9712[] 
 []


Overfull \hbox (42.13039pt too wide) in paragraph at lines 1233--1233
 []\T1/pcr/m/n/12 Matematicas:Femenino:20-22-Biologia:Femenino:20-22      1.000
0000[] 
 []


Overfull \hbox (42.13039pt too wide) in paragraph at lines 1233--1233
 []\T1/pcr/m/n/12 Quimica:Femenino:20-22-Biologia:Femenino:20-22          0.993
6940[] 
 []


Overfull \hbox (42.13039pt too wide) in paragraph at lines 1233--1233
 []\T1/pcr/m/n/12 Biologia:Masculino:20-22-Biologia:Femenino:20-22        0.948
0766[] 
 []


Overfull \hbox (42.13039pt too wide) in paragraph at lines 1233--1233
 []\T1/pcr/m/n/12 Matematicas:Masculino:20-22-Biologia:Femenino:20-22     0.999
9717[] 
 []


Overfull \hbox (42.13039pt too wide) in paragraph at lines 1233--1233
 []\T1/pcr/m/n/12 Quimica:Masculino:20-22-Biologia:Femenino:20-22         1.000
0000[] 
 []


Overfull \hbox (42.13039pt too wide) in paragraph at lines 1233--1233
 []\T1/pcr/m/n/12 Biologia:Femenino:23-31-Biologia:Femenino:20-22              
  NA[] 
 []


Overfull \hbox (42.13039pt too wide) in paragraph at lines 1233--1233
 []\T1/pcr/m/n/12 Matematicas:Femenino:23-31-Biologia:Femenino:20-22      0.668
5637[] 
 []


Overfull \hbox (42.13039pt too wide) in paragraph at lines 1233--1233
 []\T1/pcr/m/n/12 Quimica:Femenino:23-31-Biologia:Femenino:20-22          1.000
0000[] 
 []


Overfull \hbox (42.13039pt too wide) in paragraph at lines 1233--1233
 []\T1/pcr/m/n/12 Biologia:Masculino:23-31-Biologia:Femenino:20-22        0.004
7959[] 
 []


Overfull \hbox (42.13039pt too wide) in paragraph at lines 1233--1233
 []\T1/pcr/m/n/12 Matematicas:Masculino:23-31-Biologia:Femenino:20-22     0.999
9999[] 
 []


Overfull \hbox (42.13039pt too wide) in paragraph at lines 1233--1233
 []\T1/pcr/m/n/12 Quimica:Masculino:23-31-Biologia:Femenino:20-22         0.988
7549[] 
 []


Overfull \hbox (42.13039pt too wide) in paragraph at lines 1233--1233
 []\T1/pcr/m/n/12 Quimica:Femenino:20-22-Matematicas:Femenino:20-22       0.997
2809[] 
 []


Overfull \hbox (42.13039pt too wide) in paragraph at lines 1233--1233
 []\T1/pcr/m/n/12 Biologia:Masculino:20-22-Matematicas:Femenino:20-22     0.965
4193[] 
 []


Overfull \hbox (42.13039pt too wide) in paragraph at lines 1233--1233
 []\T1/pcr/m/n/12 Matematicas:Masculino:20-22-Matematicas:Femenino:20-22  0.999
9984[] 
 []


Overfull \hbox (42.13039pt too wide) in paragraph at lines 1233--1233
 []\T1/pcr/m/n/12 Quimica:Masculino:20-22-Matematicas:Femenino:20-22      1.000
0000[] 
 []


Overfull \hbox (42.13039pt too wide) in paragraph at lines 1233--1233
 []\T1/pcr/m/n/12 Biologia:Femenino:23-31-Matematicas:Femenino:20-22           
  NA[] 
 []


Overfull \hbox (42.13039pt too wide) in paragraph at lines 1233--1233
 []\T1/pcr/m/n/12 Matematicas:Femenino:23-31-Matematicas:Femenino:20-22   0.688
5050[] 
 []


Overfull \hbox (42.13039pt too wide) in paragraph at lines 1233--1233
 []\T1/pcr/m/n/12 Quimica:Femenino:23-31-Matematicas:Femenino:20-22       1.000
0000[] 
 []


Overfull \hbox (42.13039pt too wide) in paragraph at lines 1233--1233
 []\T1/pcr/m/n/12 Biologia:Masculino:23-31-Matematicas:Femenino:20-22     0.003
6707[] 
 []


Overfull \hbox (42.13039pt too wide) in paragraph at lines 1233--1233
 []\T1/pcr/m/n/12 Matematicas:Masculino:23-31-Matematicas:Femenino:20-22  1.000
0000[] 
 []


Overfull \hbox (42.13039pt too wide) in paragraph at lines 1233--1233
 []\T1/pcr/m/n/12 Quimica:Masculino:23-31-Matematicas:Femenino:20-22      0.994
4975[] 
 []


Overfull \hbox (42.13039pt too wide) in paragraph at lines 1233--1233
 []\T1/pcr/m/n/12 Biologia:Masculino:20-22-Quimica:Femenino:20-22         1.000
0000[] 
 []


Overfull \hbox (42.13039pt too wide) in paragraph at lines 1233--1233
 []\T1/pcr/m/n/12 Matematicas:Masculino:20-22-Quimica:Femenino:20-22      0.999
9912[] 
 []


Overfull \hbox (42.13039pt too wide) in paragraph at lines 1233--1233
 []\T1/pcr/m/n/12 Quimica:Masculino:20-22-Quimica:Femenino:20-22          0.999
4588[] 
 []


Overfull \hbox (42.13039pt too wide) in paragraph at lines 1233--1233
 []\T1/pcr/m/n/12 Biologia:Femenino:23-31-Quimica:Femenino:20-22               
  NA[] 
 []


Overfull \hbox (42.13039pt too wide) in paragraph at lines 1233--1233
 []\T1/pcr/m/n/12 Matematicas:Femenino:23-31-Quimica:Femenino:20-22       0.999
9999[] 
 []


Overfull \hbox (42.13039pt too wide) in paragraph at lines 1233--1233
 []\T1/pcr/m/n/12 Quimica:Femenino:23-31-Quimica:Femenino:20-22           0.968
0463[] 
 []


Overfull \hbox (42.13039pt too wide) in paragraph at lines 1233--1233
 []\T1/pcr/m/n/12 Biologia:Masculino:23-31-Quimica:Femenino:20-22         0.386
5150[] 
 []


Overfull \hbox (42.13039pt too wide) in paragraph at lines 1233--1233
 []\T1/pcr/m/n/12 Matematicas:Masculino:23-31-Quimica:Femenino:20-22      1.000
0000[] 
 []


Overfull \hbox (42.13039pt too wide) in paragraph at lines 1233--1233
 []\T1/pcr/m/n/12 Quimica:Masculino:23-31-Quimica:Femenino:20-22          1.000
0000[] 
 []

File: logos/udc.png Graphic file (type png)
<use logos/udc.png>
Package pdftex.def Info: logos/udc.png  used on input line 1233.
(pdftex.def)             Requested size: 117.74677pt x 51.49538pt.
LaTeX Info: Redefining \. on input line 1233.
LaTeX Info: Redefining \% on input line 1233.
[29]
Overfull \hbox (42.13039pt too wide) in paragraph at lines 1233--1233
 []\T1/pcr/m/n/12 Matematicas:Masculino:20-22-Biologia:Masculino:20-22    0.998
6839[] 
 []


Overfull \hbox (42.13039pt too wide) in paragraph at lines 1233--1233
 []\T1/pcr/m/n/12 Quimica:Masculino:20-22-Biologia:Masculino:20-22        0.986
2435[] 
 []


Overfull \hbox (42.13039pt too wide) in paragraph at lines 1233--1233
 []\T1/pcr/m/n/12 Biologia:Femenino:23-31-Biologia:Masculino:20-22             
  NA[] 
 []


Overfull \hbox (42.13039pt too wide) in paragraph at lines 1233--1233
 []\T1/pcr/m/n/12 Matematicas:Femenino:23-31-Biologia:Masculino:20-22     1.000
0000[] 
 []


Overfull \hbox (42.13039pt too wide) in paragraph at lines 1233--1233
 []\T1/pcr/m/n/12 Quimica:Femenino:23-31-Biologia:Masculino:20-22         0.853
3792[] 
 []


Overfull \hbox (42.13039pt too wide) in paragraph at lines 1233--1233
 []\T1/pcr/m/n/12 Biologia:Masculino:23-31-Biologia:Masculino:20-22       0.586
1844[] 
 []


Overfull \hbox (42.13039pt too wide) in paragraph at lines 1233--1233
 []\T1/pcr/m/n/12 Matematicas:Masculino:23-31-Biologia:Masculino:20-22    0.999
9997[] 
 []


Overfull \hbox (42.13039pt too wide) in paragraph at lines 1233--1233
 []\T1/pcr/m/n/12 Quimica:Masculino:23-31-Biologia:Masculino:20-22        1.000
0000[] 
 []


Overfull \hbox (42.13039pt too wide) in paragraph at lines 1233--1233
 []\T1/pcr/m/n/12 Quimica:Masculino:20-22-Matematicas:Masculino:20-22     1.000
0000[] 
 []


Overfull \hbox (42.13039pt too wide) in paragraph at lines 1233--1233
 []\T1/pcr/m/n/12 Biologia:Femenino:23-31-Matematicas:Masculino:20-22          
  NA[] 
 []


Overfull \hbox (42.13039pt too wide) in paragraph at lines 1233--1233
 []\T1/pcr/m/n/12 Matematicas:Femenino:23-31-Matematicas:Masculino:20-22  0.930
2072[] 
 []


Overfull \hbox (42.13039pt too wide) in paragraph at lines 1233--1233
 []\T1/pcr/m/n/12 Quimica:Femenino:23-31-Matematicas:Masculino:20-22      0.997
7918[] 
 []


Overfull \hbox (42.13039pt too wide) in paragraph at lines 1233--1233
 []\T1/pcr/m/n/12 Biologia:Masculino:23-31-Matematicas:Masculino:20-22    0.010
2833[] 
 []


Overfull \hbox (42.13039pt too wide) in paragraph at lines 1233--1233
 []\T1/pcr/m/n/12 Matematicas:Masculino:23-31-Matematicas:Masculino:20-22 1.000
0000[] 
 []


Overfull \hbox (42.13039pt too wide) in paragraph at lines 1233--1233
 []\T1/pcr/m/n/12 Quimica:Masculino:23-31-Matematicas:Masculino:20-22     0.999
9637[] 
 []


Overfull \hbox (42.13039pt too wide) in paragraph at lines 1233--1233
 []\T1/pcr/m/n/12 Biologia:Femenino:23-31-Quimica:Masculino:20-22              
  NA[] 
 []


Overfull \hbox (42.13039pt too wide) in paragraph at lines 1233--1233
 []\T1/pcr/m/n/12 Matematicas:Femenino:23-31-Quimica:Masculino:20-22      0.787
7729[] 
 []


Overfull \hbox (42.13039pt too wide) in paragraph at lines 1233--1233
 []\T1/pcr/m/n/12 Quimica:Femenino:23-31-Quimica:Masculino:20-22          0.999
9937[] 
 []


Overfull \hbox (42.13039pt too wide) in paragraph at lines 1233--1233
 []\T1/pcr/m/n/12 Biologia:Masculino:23-31-Quimica:Masculino:20-22        0.004
9782[] 
 []


Overfull \hbox (42.13039pt too wide) in paragraph at lines 1233--1233
 []\T1/pcr/m/n/12 Matematicas:Masculino:23-31-Quimica:Masculino:20-22     1.000
0000[] 
 []


Overfull \hbox (42.13039pt too wide) in paragraph at lines 1233--1233
 []\T1/pcr/m/n/12 Quimica:Masculino:23-31-Quimica:Masculino:20-22         0.998
6665[] 
 []


Overfull \hbox (42.13039pt too wide) in paragraph at lines 1233--1233
 []\T1/pcr/m/n/12 Matematicas:Femenino:23-31-Biologia:Femenino:23-31           
  NA[] 
 []


Overfull \hbox (42.13039pt too wide) in paragraph at lines 1233--1233
 []\T1/pcr/m/n/12 Quimica:Femenino:23-31-Biologia:Femenino:23-31               
  NA[] 
 []


Overfull \hbox (42.13039pt too wide) in paragraph at lines 1233--1233
 []\T1/pcr/m/n/12 Biologia:Masculino:23-31-Biologia:Femenino:23-31             
  NA[] 
 []


Overfull \hbox (42.13039pt too wide) in paragraph at lines 1233--1233
 []\T1/pcr/m/n/12 Matematicas:Masculino:23-31-Biologia:Femenino:23-31          
  NA[] 
 []


Overfull \hbox (42.13039pt too wide) in paragraph at lines 1233--1233
 []\T1/pcr/m/n/12 Quimica:Masculino:23-31-Biologia:Femenino:23-31              
  NA[] 
 []


Overfull \hbox (42.13039pt too wide) in paragraph at lines 1233--1233
 []\T1/pcr/m/n/12 Quimica:Femenino:23-31-Matematicas:Femenino:23-31       0.439
4230[] 
 []


Overfull \hbox (42.13039pt too wide) in paragraph at lines 1233--1233
 []\T1/pcr/m/n/12 Biologia:Masculino:23-31-Matematicas:Femenino:23-31     0.626
0939[] 
 []


Overfull \hbox (42.13039pt too wide) in paragraph at lines 1233--1233
 []\T1/pcr/m/n/12 Matematicas:Masculino:23-31-Matematicas:Femenino:23-31  0.999
9571[] 
 []


Overfull \hbox (42.13039pt too wide) in paragraph at lines 1233--1233
 []\T1/pcr/m/n/12 Quimica:Masculino:23-31-Matematicas:Femenino:23-31      1.000
0000[] 
 []


Overfull \hbox (42.13039pt too wide) in paragraph at lines 1233--1233
 []\T1/pcr/m/n/12 Biologia:Masculino:23-31-Quimica:Femenino:23-31         0.001
5899[] 
 []


Overfull \hbox (42.13039pt too wide) in paragraph at lines 1233--1233
 []\T1/pcr/m/n/12 Matematicas:Masculino:23-31-Quimica:Femenino:23-31      0.999
9948[] 
 []


Overfull \hbox (42.13039pt too wide) in paragraph at lines 1233--1233
 []\T1/pcr/m/n/12 Quimica:Masculino:23-31-Quimica:Femenino:23-31          0.951
2807[] 
 []


Overfull \hbox (42.13039pt too wide) in paragraph at lines 1233--1233
 []\T1/pcr/m/n/12 Matematicas:Masculino:23-31-Biologia:Masculino:23-31    0.446
1484[] 
 []


Overfull \hbox (42.13039pt too wide) in paragraph at lines 1233--1233
 []\T1/pcr/m/n/12 Quimica:Masculino:23-31-Biologia:Masculino:23-31        0.430
0494[] 
 []


Overfull \hbox (42.13039pt too wide) in paragraph at lines 1233--1233
 []\T1/pcr/m/n/12 Quimica:Masculino:23-31-Matematicas:Masculino:23-31     1.000
0000[] 
 []

File: logos/udc.png Graphic file (type png)
<use logos/udc.png>
Package pdftex.def Info: logos/udc.png  used on input line 1241.
(pdftex.def)             Requested size: 117.74677pt x 51.49538pt.
LaTeX Info: Redefining \. on input line 1241.
LaTeX Info: Redefining \% on input line 1241.
[30]
<turkey_Programa-Genero-GrupoEdad.png, id=295, 963.6pt x 462.22687pt>
File: turkey_Programa-Genero-GrupoEdad.png Graphic file (type png)
<use turkey_Programa-Genero-GrupoEdad.png>
Package pdftex.def Info: turkey_Programa-Genero-GrupoEdad.png  used on input li
ne 1249.
(pdftex.def)             Requested size: 455.24411pt x 218.37514pt.
File: logos/udc.png Graphic file (type png)
<use logos/udc.png>
Package pdftex.def Info: logos/udc.png  used on input line 1263.
(pdftex.def)             Requested size: 117.74677pt x 51.49538pt.
LaTeX Info: Redefining \. on input line 1263.
LaTeX Info: Redefining \% on input line 1263.
 [31 <./turkey_Programa-Genero-GrupoEdad.png>]
File: logos/udc.png Graphic file (type png)
<use logos/udc.png>
Package pdftex.def Info: logos/udc.png  used on input line 1298.
(pdftex.def)             Requested size: 117.74677pt x 51.49538pt.
LaTeX Info: Redefining \. on input line 1298.
LaTeX Info: Redefining \% on input line 1298.
 [32]
File: logos/udc.png Graphic file (type png)
<use logos/udc.png>
Package pdftex.def Info: logos/udc.png  used on input line 1309.
(pdftex.def)             Requested size: 117.74677pt x 51.49538pt.
LaTeX Info: Redefining \. on input line 1309.
LaTeX Info: Redefining \% on input line 1309.
 [33]
File: logos/udc.png Graphic file (type png)
<use logos/udc.png>
Package pdftex.def Info: logos/udc.png  used on input line 1313.
(pdftex.def)             Requested size: 117.74677pt x 51.49538pt.
LaTeX Info: Redefining \. on input line 1313.
LaTeX Info: Redefining \% on input line 1313.
 [34]
File: logos/udc.png Graphic file (type png)
<use logos/udc.png>
Package pdftex.def Info: logos/udc.png  used on input line 1317.
(pdftex.def)             Requested size: 117.74677pt x 51.49538pt.
LaTeX Info: Redefining \. on input line 1317.
LaTeX Info: Redefining \% on input line 1317.
 [35]
File: logos/udc.png Graphic file (type png)
<use logos/udc.png>
Package pdftex.def Info: logos/udc.png  used on input line 1319.
(pdftex.def)             Requested size: 117.74677pt x 51.49538pt.
LaTeX Info: Redefining \. on input line 1319.
LaTeX Info: Redefining \% on input line 1319.
 [36]
(main.aux
LaTeX Info: Redefining \sptext on input line 16.
LaTeX Info: Redefining \. on input line 16.
LaTeX Info: Redefining \% on input line 16.
)
 ***********
LaTeX2e <2023-11-01> patch level 1
L3 programming layer <2024-01-04>
 ***********
Package rerunfilecheck Info: File `main.out' has not changed.
(rerunfilecheck)             Checksum: A08F2852C35658EB18D038BAD07EC8F0;3076.
Package logreq Info: Writing requests to 'main.run.xml'.
\openout1 = `main.run.xml'.

 ) 
Here is how much of TeX's memory you used:
 31327 strings out of 474486
 590910 string characters out of 5753571
 2029542 words of memory out of 5000000
 53118 multiletter control sequences out of 15000+600000
 577843 words of font info for 79 fonts, out of 8000000 for 9000
 1141 hyphenation exceptions out of 8191
 125i,16n,121p,1884b,1970s stack positions out of 10000i,1000n,20000p,200000b,200000s
 <C:\Users\compu\AppData\Local\MiKTeX\fonts/pk/ljfour/jknappen/ec/dpi600\ecrm
0800.pk> <C:\Users\compu\AppData\Local\MiKTeX\fonts/pk/ljfour/jknappen/ec/dpi60
0\eccc1200.pk> <C:\Users\compu\AppData\Local\MiKTeX\fonts/pk/ljfour/jknappen/ec
/dpi600\tcbx1200.pk> <C:\Users\compu\AppData\Local\MiKTeX\fonts/pk/ljfour/jknap
pen/ec/dpi600\ecbx1440.pk> <C:\Users\compu\AppData\Local\MiKTeX\fonts/pk/ljfour
/jknappen/ec/dpi600\ecrm0600.pk> <C:\Users\compu\AppData\Local\MiKTeX\fonts/pk/
ljfour/jknappen/ec/dpi600\ecti1200.pk> <C:\Users\compu\AppData\Local\MiKTeX\fon
ts/pk/ljfour/jknappen/ec/dpi600\tcrm1200.pk> <C:\Users\compu\AppData\Local\MiKT
eX\fonts/pk/ljfour/jknappen/ec/dpi600\ecbx1200.pk> <C:\Users\compu\AppData\Loca
l\MiKTeX\fonts/pk/ljfour/jknappen/ec/dpi600\ecbx1728.pk> <C:\Users\compu\AppDat
a\Local\MiKTeX\fonts/pk/ljfour/jknappen/ec/dpi600\ecrm1200.pk> <C:\Users\compu\
AppData\Local\MiKTeX\fonts/pk/ljfour/jknappen/ec/dpi600\ecrm1440.pk> <C:\Users\
compu\AppData\Local\MiKTeX\fonts/pk/ljfour/jknappen/ec/dpi600\ecbi1440.pk> <C:\
Users\compu\AppData\Local\MiKTeX\fonts/pk/ljfour/jknappen/ec/dpi600\ecbx2488.pk
> <C:\Users\compu\AppData\Local\MiKTeX\fonts/pk/ljfour/jknappen/ec/dpi600\ecxc2
074.pk><C:/Program Files/MiKTeX/fonts/type1/public/amsfonts/cm/cmmi12.pfb><C:/P
rogram Files/MiKTeX/fonts/type1/public/amsfonts/cm/cmmi8.pfb><C:/Program Files/
MiKTeX/fonts/type1/public/amsfonts/cm/cmr12.pfb><C:/Program Files/MiKTeX/fonts/
type1/public/amsfonts/cm/cmr8.pfb><C:/Program Files/MiKTeX/fonts/type1/public/a
msfonts/cm/cmsy10.pfb><C:/Program Files/MiKTeX/fonts/type1/urw/courier/ucrb8a.p
fb><C:/Program Files/MiKTeX/fonts/type1/urw/courier/ucrr8a.pfb>
Output written on main.pdf (37 pages, 838450 bytes).
PDF statistics:
 782 PDF objects out of 1000 (max. 8388607)
 103 named destinations out of 1000 (max. 500000)
 177 words of extra memory for PDF output out of 10000 (max. 10000000)

